capture_ts,captured_url,http_status,db_page,db_wiki,db_first_write,db_last_write,deleted_live,n_revisions
20260509161404,https://wikiservice.at/dse/wiki.cgi?action=browse&id=RecentChanges&days=1,200,RecentChanges,dse,2026-05-26T13:13:21Z,2026-06-22T08:20:14Z,0,75
20260509161404,https://wikiservice.at/dse/wiki.cgi?action=browse&id=RecentChanges&days=1,200,RecentChanges,fractal,2026-05-26T10:51:00Z,2026-06-22T09:05:32Z,0,41
20260509161404,https://wikiservice.at/dse/wiki.cgi?action=browse&id=RecentChanges&days=1,200,RecentChanges,probier,2026-05-26T15:36:12Z,2026-06-18T20:05:43Z,0,40
20260509163628,https://wikiservice.at/dse/wiki.cgi?TestSeite,200,TestSeite,dse,2026-05-26T14:31:27Z,2026-06-22T08:42:22Z,0,238
20260509170244,https://wikiservice.at/prowiki/wiki.cgi?action=browse&id=RecentChanges,200,RecentChanges,dse,2026-05-26T13:13:21Z,2026-06-22T08:20:14Z,0,75
20260509170244,https://wikiservice.at/prowiki/wiki.cgi?action=browse&id=RecentChanges,200,RecentChanges,fractal,2026-05-26T10:51:00Z,2026-06-22T09:05:32Z,0,41
20260509170244,https://wikiservice.at/prowiki/wiki.cgi?action=browse&id=RecentChanges,200,RecentChanges,probier,2026-05-26T15:36:12Z,2026-06-18T20:05:43Z,0,40
20260509171453,https://wikiservice.at/fractal/wiki.cgi?action=browse&id=FR/PaysagesNum%E9riques/RecentChanges&lang=2,200,RecentChanges,dse,2026-05-26T13:13:21Z,2026-06-22T08:20:14Z,0,75
20260509171453,https://wikiservice.at/fractal/wiki.cgi?action=browse&id=FR/PaysagesNum%E9riques/RecentChanges&lang=2,200,RecentChanges,fractal,2026-05-26T10:51:00Z,2026-06-22T09:05:32Z,0,41
20260509171453,https://wikiservice.at/fractal/wiki.cgi?action=browse&id=FR/PaysagesNum%E9riques/RecentChanges&lang=2,200,RecentChanges,probier,2026-05-26T15:36:12Z,2026-06-18T20:05:43Z,0,40
20260509172031,https://wikiservice.at/dict/sm/wiki.cgi?SandBox,200,SandBox,dse,2026-05-26T16:45:52Z,2026-06-22T08:38:38Z,0,8
20260509172031,https://wikiservice.at/dict/sm/wiki.cgi?SandBox,200,SandBox,fractal,2026-05-26T11:55:49Z,2026-06-22T08:51:08Z,0,3
20260509172031,https://wikiservice.at/dict/sm/wiki.cgi?SandBox,200,SandBox,probier,2026-06-09T09:24:03Z,2026-06-22T08:37:25Z,0,21
20260509172935,https://wikiservice.at/prowiki/wiki.cgi?Context,200,Context,probier,2026-05-26T14:06:45Z,2026-05-26T14:06:45Z,0,1
20260509174106,https://wikiservice.at/dse/wiki.cgi?Links,200,Links,dse,2026-06-18T20:48:40Z,2026-06-18T20:48:40Z,0,1
20260509174833,https://wikiservice.at/fractal/wiki.cgi?action=browse&id=FR/PinkoMarketing/SafariPhoto/RecentChanges&lang=2,200,RecentChanges,dse,2026-05-26T13:13:21Z,2026-06-22T08:20:14Z,0,75
20260509174833,https://wikiservice.at/fractal/wiki.cgi?action=browse&id=FR/PinkoMarketing/SafariPhoto/RecentChanges&lang=2,200,RecentChanges,fractal,2026-05-26T10:51:00Z,2026-06-22T09:05:32Z,0,41
20260509174833,https://wikiservice.at/fractal/wiki.cgi?action=browse&id=FR/PinkoMarketing/SafariPhoto/RecentChanges&lang=2,200,RecentChanges,probier,2026-05-26T15:36:12Z,2026-06-18T20:05:43Z,0,40
20260509224425,https://prowiki.org/wiki4d/wiki.cgi?WikiWeb,200,WikiWeb,dse,2026-06-22T02:57:53Z,2026-06-22T02:57:53Z,0,1
20260510045215,https://prowiki.org/fractal/wiki.cgi?WikiGlossaire/RecentChanges,200,RecentChanges,dse,2026-05-26T13:13:21Z,2026-06-22T08:20:14Z,0,75
20260510045215,https://prowiki.org/fractal/wiki.cgi?WikiGlossaire/RecentChanges,200,RecentChanges,fractal,2026-05-26T10:51:00Z,2026-06-22T09:05:32Z,0,41
20260510045215,https://prowiki.org/fractal/wiki.cgi?WikiGlossaire/RecentChanges,200,RecentChanges,probier,2026-05-26T15:36:12Z,2026-06-18T20:05:43Z,0,40
20260510053936,https://prowiki.org/fractal/wiki.cgi?action=browse&id=FR/PinkoMarketing/SafariPhoto/RecentChanges&lang=2,200,RecentChanges,dse,2026-05-26T13:13:21Z,2026-06-22T08:20:14Z,0,75
20260510053936,https://prowiki.org/fractal/wiki.cgi?action=browse&id=FR/PinkoMarketing/SafariPhoto/RecentChanges&lang=2,200,RecentChanges,fractal,2026-05-26T10:51:00Z,2026-06-22T09:05:32Z,0,41
20260510053936,https://prowiki.org/fractal/wiki.cgi?action=browse&id=FR/PinkoMarketing/SafariPhoto/RecentChanges&lang=2,200,RecentChanges,probier,2026-05-26T15:36:12Z,2026-06-18T20:05:43Z,0,40
20260510171842,https://wikiservice.at/support/wiki.cgi?TestSeite/TestSeite/TestSeite,200,TestSeite,dse,2026-05-26T14:31:27Z,2026-06-22T08:42:22Z,0,238
20260510231112,https://www.wikiservice.at/culios/wiki.cgi?action=browse&id=RecentChanges&days=30,200,RecentChanges,dse,2026-05-26T13:13:21Z,2026-06-22T08:20:14Z,0,75
20260510231112,https://www.wikiservice.at/culios/wiki.cgi?action=browse&id=RecentChanges&days=30,200,RecentChanges,fractal,2026-05-26T10:51:00Z,2026-06-22T09:05:32Z,0,41
20260510231112,https://www.wikiservice.at/culios/wiki.cgi?action=browse&id=RecentChanges&days=30,200,RecentChanges,probier,2026-05-26T15:36:12Z,2026-06-18T20:05:43Z,0,40
20260510231711,https://www.wikiservice.at/culios/wiki.cgi?action=browse&id=RecentChanges&days=7,200,RecentChanges,dse,2026-05-26T13:13:21Z,2026-06-22T08:20:14Z,0,75
20260510231711,https://www.wikiservice.at/culios/wiki.cgi?action=browse&id=RecentChanges&days=7,200,RecentChanges,fractal,2026-05-26T10:51:00Z,2026-06-22T09:05:32Z,0,41
20260510231711,https://www.wikiservice.at/culios/wiki.cgi?action=browse&id=RecentChanges&days=7,200,RecentChanges,probier,2026-05-26T15:36:12Z,2026-06-18T20:05:43Z,0,40
20260510232721,https://www.wikiservice.at/culios/wiki.cgi?TestSeite,200,TestSeite,dse,2026-05-26T14:31:27Z,2026-06-22T08:42:22Z,0,238
20260510233006,https://www.wikiservice.at/probier/wiki.cgi?action=editprefs&lang=1&oldid=TestSeite&id=TestSeite,200,TestSeite,dse,2026-05-26T14:31:27Z,2026-06-22T08:42:22Z,0,238
20260510233337,https://www.wikiservice.at/culios/wiki.cgi?action=browse&id=RecentChanges&lang=1,200,RecentChanges,dse,2026-05-26T13:13:21Z,2026-06-22T08:20:14Z,0,75
20260510233337,https://www.wikiservice.at/culios/wiki.cgi?action=browse&id=RecentChanges&lang=1,200,RecentChanges,fractal,2026-05-26T10:51:00Z,2026-06-22T09:05:32Z,0,41
20260510233337,https://www.wikiservice.at/culios/wiki.cgi?action=browse&id=RecentChanges&lang=1,200,RecentChanges,probier,2026-05-26T15:36:12Z,2026-06-18T20:05:43Z,0,40
20260510233420,https://www.wikiservice.at/fdw/wiki.cgi?StartSeite,200,StartSeite,dse,2026-05-26T11:27:48Z,2026-06-22T19:28:18Z,0,456
20260510233420,https://www.wikiservice.at/fdw/wiki.cgi?StartSeite,200,StartSeite,probier,2026-05-26T14:14:20Z,2026-05-26T14:14:20Z,0,1
20260510233420,https://www.wikiservice.at/fdw/wiki.cgi?StartSeite,200,Startseite,dse,2026-06-20T21:32:10Z,2026-06-20T21:32:10Z,0,1
20260510233442,https://www.wikiservice.at/nausner/wiki.cgi?TestSeite,200,TestSeite,dse,2026-05-26T14:31:27Z,2026-06-22T08:42:22Z,0,238
20260510233656,https://www.wikiservice.at/fractal/wiki.cgi?action=browse&id=FrenchWikiFarm/RecentChanges&lang=2,200,RecentChanges,dse,2026-05-26T13:13:21Z,2026-06-22T08:20:14Z,0,75
20260510233656,https://www.wikiservice.at/fractal/wiki.cgi?action=browse&id=FrenchWikiFarm/RecentChanges&lang=2,200,RecentChanges,fractal,2026-05-26T10:51:00Z,2026-06-22T09:05:32Z,0,41
20260510233656,https://www.wikiservice.at/fractal/wiki.cgi?action=browse&id=FrenchWikiFarm/RecentChanges&lang=2,200,RecentChanges,probier,2026-05-26T15:36:12Z,2026-06-18T20:05:43Z,0,40
20260511000025,https://www.wikiservice.at/culios/wiki.cgi?action=browse&id=RecentChanges&from=,200,RecentChanges,dse,2026-05-26T13:13:21Z,2026-06-22T08:20:14Z,0,75
20260511000025,https://www.wikiservice.at/culios/wiki.cgi?action=browse&id=RecentChanges&from=,200,RecentChanges,fractal,2026-05-26T10:51:00Z,2026-06-22T09:05:32Z,0,41
20260511000025,https://www.wikiservice.at/culios/wiki.cgi?action=browse&id=RecentChanges&from=,200,RecentChanges,probier,2026-05-26T15:36:12Z,2026-06-18T20:05:43Z,0,40
20260511000421,https://www.wikiservice.at/user/milk/wiki.cgi?action=browse&id=RecentChanges,200,RecentChanges,dse,2026-05-26T13:13:21Z,2026-06-22T08:20:14Z,0,75
20260511000421,https://www.wikiservice.at/user/milk/wiki.cgi?action=browse&id=RecentChanges,200,RecentChanges,fractal,2026-05-26T10:51:00Z,2026-06-22T09:05:32Z,0,41
20260511000421,https://www.wikiservice.at/user/milk/wiki.cgi?action=browse&id=RecentChanges,200,RecentChanges,probier,2026-05-26T15:36:12Z,2026-06-18T20:05:43Z,0,40
20260511000534,https://www.wikiservice.at/culios/wiki.cgi?action=browse&id=RecentChanges&days=3,200,RecentChanges,dse,2026-05-26T13:13:21Z,2026-06-22T08:20:14Z,0,75
20260511000534,https://www.wikiservice.at/culios/wiki.cgi?action=browse&id=RecentChanges&days=3,200,RecentChanges,fractal,2026-05-26T10:51:00Z,2026-06-22T09:05:32Z,0,41
20260511000534,https://www.wikiservice.at/culios/wiki.cgi?action=browse&id=RecentChanges&days=3,200,RecentChanges,probier,2026-05-26T15:36:12Z,2026-06-18T20:05:43Z,0,40
20260511000734,https://www.wikiservice.at/nausner/wiki.cgi?action=browse&id=RecentChanges&lang=1,200,RecentChanges,dse,2026-05-26T13:13:21Z,2026-06-22T08:20:14Z,0,75
20260511000734,https://www.wikiservice.at/nausner/wiki.cgi?action=browse&id=RecentChanges&lang=1,200,RecentChanges,fractal,2026-05-26T10:51:00Z,2026-06-22T09:05:32Z,0,41
20260511000734,https://www.wikiservice.at/nausner/wiki.cgi?action=browse&id=RecentChanges&lang=1,200,RecentChanges,probier,2026-05-26T15:36:12Z,2026-06-18T20:05:43Z,0,40
20260511001633,https://www.wikiservice.at/culios/wiki.cgi?action=editprefs&lang=1&oldid=RecentChanges&id=RecentChanges,200,RecentChanges,dse,2026-05-26T13:13:21Z,2026-06-22T08:20:14Z,0,75
20260511001633,https://www.wikiservice.at/culios/wiki.cgi?action=editprefs&lang=1&oldid=RecentChanges&id=RecentChanges,200,RecentChanges,fractal,2026-05-26T10:51:00Z,2026-06-22T09:05:32Z,0,41
20260511001633,https://www.wikiservice.at/culios/wiki.cgi?action=editprefs&lang=1&oldid=RecentChanges&id=RecentChanges,200,RecentChanges,probier,2026-05-26T15:36:12Z,2026-06-18T20:05:43Z,0,40
20260511001729,https://www.wikiservice.at/culios/wiki.cgi?action=browse&id=RecentChanges&days=2,200,RecentChanges,dse,2026-05-26T13:13:21Z,2026-06-22T08:20:14Z,0,75
20260511001729,https://www.wikiservice.at/culios/wiki.cgi?action=browse&id=RecentChanges&days=2,200,RecentChanges,fractal,2026-05-26T10:51:00Z,2026-06-22T09:05:32Z,0,41
20260511001729,https://www.wikiservice.at/culios/wiki.cgi?action=browse&id=RecentChanges&days=2,200,RecentChanges,probier,2026-05-26T15:36:12Z,2026-06-18T20:05:43Z,0,40
20260511002049,https://www.wikiservice.at/culios/wiki.cgi?action=browse&id=RecentChanges&days=14,200,RecentChanges,dse,2026-05-26T13:13:21Z,2026-06-22T08:20:14Z,0,75
20260511002049,https://www.wikiservice.at/culios/wiki.cgi?action=browse&id=RecentChanges&days=14,200,RecentChanges,fractal,2026-05-26T10:51:00Z,2026-06-22T09:05:32Z,0,41
20260511002049,https://www.wikiservice.at/culios/wiki.cgi?action=browse&id=RecentChanges&days=14,200,RecentChanges,probier,2026-05-26T15:36:12Z,2026-06-18T20:05:43Z,0,40
20260511004238,https://www.wikiservice.at/culios/wiki.cgi?action=browse&id=RecentChanges&days=1,200,RecentChanges,dse,2026-05-26T13:13:21Z,2026-06-22T08:20:14Z,0,75
20260511004238,https://www.wikiservice.at/culios/wiki.cgi?action=browse&id=RecentChanges&days=1,200,RecentChanges,fractal,2026-05-26T10:51:00Z,2026-06-22T09:05:32Z,0,41
20260511004238,https://www.wikiservice.at/culios/wiki.cgi?action=browse&id=RecentChanges&days=1,200,RecentChanges,probier,2026-05-26T15:36:12Z,2026-06-18T20:05:43Z,0,40
20260511020542,https://wikiservice.at/fractal/wiki.cgi?action=browse&id=FR/AlmanachR%E9tais/RecentChanges&days=1,200,RecentChanges,dse,2026-05-26T13:13:21Z,2026-06-22T08:20:14Z,0,75
20260511020542,https://wikiservice.at/fractal/wiki.cgi?action=browse&id=FR/AlmanachR%E9tais/RecentChanges&days=1,200,RecentChanges,fractal,2026-05-26T10:51:00Z,2026-06-22T09:05:32Z,0,41
20260511020542,https://wikiservice.at/fractal/wiki.cgi?action=browse&id=FR/AlmanachR%E9tais/RecentChanges&days=1,200,RecentChanges,probier,2026-05-26T15:36:12Z,2026-06-18T20:05:43Z,0,40
20260511022410,https://wikiservice.at/support/wiki.cgi?action=edit&id=TestSeite&section=36,200,TestSeite,dse,2026-05-26T14:31:27Z,2026-06-22T08:42:22Z,0,238
20260511024137,https://wikiservice.at/fractal/wiki.cgi?action=browse&id=Wikis/Francais/RecentChanges&days=1,200,RecentChanges,dse,2026-05-26T13:13:21Z,2026-06-22T08:20:14Z,0,75
20260511024137,https://wikiservice.at/fractal/wiki.cgi?action=browse&id=Wikis/Francais/RecentChanges&days=1,200,RecentChanges,fractal,2026-05-26T10:51:00Z,2026-06-22T09:05:32Z,0,41
20260511024137,https://wikiservice.at/fractal/wiki.cgi?action=browse&id=Wikis/Francais/RecentChanges&days=1,200,RecentChanges,probier,2026-05-26T15:36:12Z,2026-06-18T20:05:43Z,0,40
20260511030500,https://wikiservice.at/fractal/wiki.cgi?action=edit&id=FR/TwitterFanClub/Context&section=12,200,Context,probier,2026-05-26T14:06:45Z,2026-05-26T14:06:45Z,0,1
20260511031104,https://wikiservice.at/support/wiki.cgi?Komponisten/Context,200,Context,probier,2026-05-26T14:06:45Z,2026-05-26T14:06:45Z,0,1
20260511033141,https://wikiservice.at/fractal/wiki.cgi?action=editprefs&oldid=EN/SandWiki/Admin/Template/Context&id=EN/SandWiki/Admin/Template/Context,200,Context,probier,2026-05-26T14:06:45Z,2026-05-26T14:06:45Z,0,1
20260511083428,https://wikiservice.at/fractal/wiki.cgi?action=browse&id=FR/WikiUp/RecentChanges&days=30,200,RecentChanges,dse,2026-05-26T13:13:21Z,2026-06-22T08:20:14Z,0,75
20260511083428,https://wikiservice.at/fractal/wiki.cgi?action=browse&id=FR/WikiUp/RecentChanges&days=30,200,RecentChanges,fractal,2026-05-26T10:51:00Z,2026-06-22T09:05:32Z,0,41
20260511083428,https://wikiservice.at/fractal/wiki.cgi?action=browse&id=FR/WikiUp/RecentChanges&days=30,200,RecentChanges,probier,2026-05-26T15:36:12Z,2026-06-18T20:05:43Z,0,40
20260511084438,https://wikiservice.at/fractal/wiki.cgi?action=browse&id=FR/CityDeskEtDesignStandards/RecentChanges&days=2,200,RecentChanges,dse,2026-05-26T13:13:21Z,2026-06-22T08:20:14Z,0,75
20260511084438,https://wikiservice.at/fractal/wiki.cgi?action=browse&id=FR/CityDeskEtDesignStandards/RecentChanges&days=2,200,RecentChanges,fractal,2026-05-26T10:51:00Z,2026-06-22T09:05:32Z,0,41
20260511084438,https://wikiservice.at/fractal/wiki.cgi?action=browse&id=FR/CityDeskEtDesignStandards/RecentChanges&days=2,200,RecentChanges,probier,2026-05-26T15:36:12Z,2026-06-18T20:05:43Z,0,40
20260511084526,https://wikiservice.at/fractal/wiki.cgi?action=edit&id=FR/TwitterFanClub/Context&section=13,200,Context,probier,2026-05-26T14:06:45Z,2026-05-26T14:06:45Z,0,1
20260511085548,https://wikiservice.at/fractal/wiki.cgi?action=edit&id=FR/PinkoMarketing/SafariPhoto/Context&section=11,200,Context,probier,2026-05-26T14:06:45Z,2026-05-26T14:06:45Z,0,1
20260511085817,https://wikiservice.at/fractal/wiki.cgi?action=browse&id=RecentChanges,200,RecentChanges,dse,2026-05-26T13:13:21Z,2026-06-22T08:20:14Z,0,75
20260511085817,https://wikiservice.at/fractal/wiki.cgi?action=browse&id=RecentChanges,200,RecentChanges,fractal,2026-05-26T10:51:00Z,2026-06-22T09:05:32Z,0,41
20260511085817,https://wikiservice.at/fractal/wiki.cgi?action=browse&id=RecentChanges,200,RecentChanges,probier,2026-05-26T15:36:12Z,2026-06-18T20:05:43Z,0,40
20260511091531,https://www.wikiservice.at/dse/wiki.cgi?TestLink,200,TestLink,dse,2026-06-17T01:58:27Z,2026-06-17T02:02:58Z,0,7
20260511092355,https://wikiservice.at/lotr/wiki.cgi?action=browse&id=RecentChanges&days=1,200,RecentChanges,dse,2026-05-26T13:13:21Z,2026-06-22T08:20:14Z,0,75
20260511092355,https://wikiservice.at/lotr/wiki.cgi?action=browse&id=RecentChanges&days=1,200,RecentChanges,fractal,2026-05-26T10:51:00Z,2026-06-22T09:05:32Z,0,41
20260511092355,https://wikiservice.at/lotr/wiki.cgi?action=browse&id=RecentChanges&days=1,200,RecentChanges,probier,2026-05-26T15:36:12Z,2026-06-18T20:05:43Z,0,40
20260511092613,https://wikiservice.at/support/wiki.cgi?action=edit&id=Context&section=4,200,Context,probier,2026-05-26T14:06:45Z,2026-05-26T14:06:45Z,0,1
20260511093320,https://wikiservice.at/gruender/wiki.cgi?action=browse&id=RecentChanges&days=30,200,RecentChanges,dse,2026-05-26T13:13:21Z,2026-06-22T08:20:14Z,0,75
20260511093320,https://wikiservice.at/gruender/wiki.cgi?action=browse&id=RecentChanges&days=30,200,RecentChanges,fractal,2026-05-26T10:51:00Z,2026-06-22T09:05:32Z,0,41
20260511093320,https://wikiservice.at/gruender/wiki.cgi?action=browse&id=RecentChanges&days=30,200,RecentChanges,probier,2026-05-26T15:36:12Z,2026-06-18T20:05:43Z,0,40
20260511093654,https://wikiservice.at/prowiki/wiki.cgi?action=browse&id=RecentChanges&days=7,200,RecentChanges,dse,2026-05-26T13:13:21Z,2026-06-22T08:20:14Z,0,75
20260511093654,https://wikiservice.at/prowiki/wiki.cgi?action=browse&id=RecentChanges&days=7,200,RecentChanges,fractal,2026-05-26T10:51:00Z,2026-06-22T09:05:32Z,0,41
20260511093654,https://wikiservice.at/prowiki/wiki.cgi?action=browse&id=RecentChanges&days=7,200,RecentChanges,probier,2026-05-26T15:36:12Z,2026-06-18T20:05:43Z,0,40
20260511094304,https://wikiservice.at/fractal/wiki.cgi?action=browse&id=EN/BarCampBank/RecentChanges&from=,200,RecentChanges,dse,2026-05-26T13:13:21Z,2026-06-22T08:20:14Z,0,75
20260511094304,https://wikiservice.at/fractal/wiki.cgi?action=browse&id=EN/BarCampBank/RecentChanges&from=,200,RecentChanges,fractal,2026-05-26T10:51:00Z,2026-06-22T09:05:32Z,0,41
20260511094304,https://wikiservice.at/fractal/wiki.cgi?action=browse&id=EN/BarCampBank/RecentChanges&from=,200,RecentChanges,probier,2026-05-26T15:36:12Z,2026-06-18T20:05:43Z,0,40
20260511094315,https://wikiservice.at/support/wiki.cgi?action=edit&id=TestSeite&section=8,200,TestSeite,dse,2026-05-26T14:31:27Z,2026-06-22T08:42:22Z,0,238
20260511141851,https://prowiki.org/prowiki/wiki.cgi?DiscussionPage/Context,200,Context,probier,2026-05-26T14:06:45Z,2026-05-26T14:06:45Z,0,1
20260511154453,https://prowiki.org/wiki.cgi?StartSeite,200,StartSeite,dse,2026-05-26T11:27:48Z,2026-06-22T19:28:18Z,0,456
20260511154453,https://prowiki.org/wiki.cgi?StartSeite,200,StartSeite,probier,2026-05-26T14:14:20Z,2026-05-26T14:14:20Z,0,1
20260511154453,https://prowiki.org/wiki.cgi?StartSeite,200,Startseite,dse,2026-06-20T21:32:10Z,2026-06-20T21:32:10Z,0,1
20260511161002,https://prowiki.org/prowiki/wiki.cgi?action=edit&id=Context&section=10,200,Context,probier,2026-05-26T14:06:45Z,2026-05-26T14:06:45Z,0,1
20260511233151,https://prowiki.org/fractal/wiki.cgi?action=edit&id=FR/Context&section=1,200,Context,probier,2026-05-26T14:06:45Z,2026-05-26T14:06:45Z,0,1
20260512001921,https://prowiki.org/fractal/wiki.cgi?action=edit&id=FR/Context&section=3,200,Context,probier,2026-05-26T14:06:45Z,2026-05-26T14:06:45Z,0,1
20260512003455,https://prowiki.org/fractal/wiki.cgi?action=browse&id=RecentChanges&lang=2,200,RecentChanges,dse,2026-05-26T13:13:21Z,2026-06-22T08:20:14Z,0,75
20260512003455,https://prowiki.org/fractal/wiki.cgi?action=browse&id=RecentChanges&lang=2,200,RecentChanges,fractal,2026-05-26T10:51:00Z,2026-06-22T09:05:32Z,0,41
20260512003455,https://prowiki.org/fractal/wiki.cgi?action=browse&id=RecentChanges&lang=2,200,RecentChanges,probier,2026-05-26T15:36:12Z,2026-06-18T20:05:43Z,0,40
20260512005331,https://prowiki.org/wiki4d/wiki.cgi?action=browse&id=RecentChanges,200,RecentChanges,dse,2026-05-26T13:13:21Z,2026-06-22T08:20:14Z,0,75
20260512005331,https://prowiki.org/wiki4d/wiki.cgi?action=browse&id=RecentChanges,200,RecentChanges,fractal,2026-05-26T10:51:00Z,2026-06-22T09:05:32Z,0,41
20260512005331,https://prowiki.org/wiki4d/wiki.cgi?action=browse&id=RecentChanges,200,RecentChanges,probier,2026-05-26T15:36:12Z,2026-06-18T20:05:43Z,0,40
20260512025309,https://prowiki.org/fractal/wiki.cgi?action=browse&id=LaurentLunati/RecentChanges&lang=2,200,RecentChanges,dse,2026-05-26T13:13:21Z,2026-06-22T08:20:14Z,0,75
20260512025309,https://prowiki.org/fractal/wiki.cgi?action=browse&id=LaurentLunati/RecentChanges&lang=2,200,RecentChanges,fractal,2026-05-26T10:51:00Z,2026-06-22T09:05:32Z,0,41
20260512025309,https://prowiki.org/fractal/wiki.cgi?action=browse&id=LaurentLunati/RecentChanges&lang=2,200,RecentChanges,probier,2026-05-26T15:36:12Z,2026-06-18T20:05:43Z,0,40
20260512033824,https://prowiki.org/fractal/wiki.cgi?FR/Identit%E9EnLigne/Context,200,Context,probier,2026-05-26T14:06:45Z,2026-05-26T14:06:45Z,0,1
20260512040632,https://prowiki.org/prowiki/wiki.cgi?Admin/Context,200,Context,probier,2026-05-26T14:06:45Z,2026-05-26T14:06:45Z,0,1
20260512055914,https://wikiservice.at/fractal/wiki.cgi?FR/CdmlAsin/Context,200,Context,probier,2026-05-26T14:06:45Z,2026-05-26T14:06:45Z,0,1
20260512060828,https://wikiservice.at/fractal/wiki.cgi?action=editprefs&lang=2&oldid=FR/FoldingBikes/RecentChanges&id=FR/FoldingBikes/RecentChanges,200,RecentChanges,dse,2026-05-26T13:13:21Z,2026-06-22T08:20:14Z,0,75
20260512060828,https://wikiservice.at/fractal/wiki.cgi?action=editprefs&lang=2&oldid=FR/FoldingBikes/RecentChanges&id=FR/FoldingBikes/RecentChanges,200,RecentChanges,fractal,2026-05-26T10:51:00Z,2026-06-22T09:05:32Z,0,41
20260512060828,https://wikiservice.at/fractal/wiki.cgi?action=editprefs&lang=2&oldid=FR/FoldingBikes/RecentChanges&id=FR/FoldingBikes/RecentChanges,200,RecentChanges,probier,2026-05-26T15:36:12Z,2026-06-18T20:05:43Z,0,40
20260512061317,https://wikiservice.at/dict/wiki.cgi?action=browse&id=RecentChanges&from=,200,RecentChanges,dse,2026-05-26T13:13:21Z,2026-06-22T08:20:14Z,0,75
20260512061317,https://wikiservice.at/dict/wiki.cgi?action=browse&id=RecentChanges&from=,200,RecentChanges,fractal,2026-05-26T10:51:00Z,2026-06-22T09:05:32Z,0,41
20260512061317,https://wikiservice.at/dict/wiki.cgi?action=browse&id=RecentChanges&from=,200,RecentChanges,probier,2026-05-26T15:36:12Z,2026-06-18T20:05:43Z,0,40
20260512061413,https://wikiservice.at/nausner/wiki.cgi?action=browse&id=RecentChanges&lang=1,200,RecentChanges,dse,2026-05-26T13:13:21Z,2026-06-22T08:20:14Z,0,75
20260512061413,https://wikiservice.at/nausner/wiki.cgi?action=browse&id=RecentChanges&lang=1,200,RecentChanges,fractal,2026-05-26T10:51:00Z,2026-06-22T09:05:32Z,0,41
20260512061413,https://wikiservice.at/nausner/wiki.cgi?action=browse&id=RecentChanges&lang=1,200,RecentChanges,probier,2026-05-26T15:36:12Z,2026-06-18T20:05:43Z,0,40
20260512062445,https://wikiservice.at/fractal/wiki.cgi?action=browse&id=Wikis/Francais/TestPage/SousSousWiki/RecentChanges&from=,200,RecentChanges,dse,2026-05-26T13:13:21Z,2026-06-22T08:20:14Z,0,75
20260512062445,https://wikiservice.at/fractal/wiki.cgi?action=browse&id=Wikis/Francais/TestPage/SousSousWiki/RecentChanges&from=,200,RecentChanges,fractal,2026-05-26T10:51:00Z,2026-06-22T09:05:32Z,0,41
20260512062445,https://wikiservice.at/fractal/wiki.cgi?action=browse&id=Wikis/Francais/TestPage/SousSousWiki/RecentChanges&from=,200,RecentChanges,probier,2026-05-26T15:36:12Z,2026-06-18T20:05:43Z,0,40
20260512063155,https://wikiservice.at/fractal/wiki.cgi?action=edit&id=FR/Context&section=10,200,Context,probier,2026-05-26T14:06:45Z,2026-05-26T14:06:45Z,0,1
20260512065223,https://wikiservice.at/dse/wiki.cgi?action=edit&id=TestSeite&section=2,200,TestSeite,dse,2026-05-26T14:31:27Z,2026-06-22T08:42:22Z,0,238
20260512070259,https://wikiservice.at/fractal/wiki.cgi?FR/BarCamp/RecentChanges,200,RecentChanges,dse,2026-05-26T13:13:21Z,2026-06-22T08:20:14Z,0,75
20260512070259,https://wikiservice.at/fractal/wiki.cgi?FR/BarCamp/RecentChanges,200,RecentChanges,fractal,2026-05-26T10:51:00Z,2026-06-22T09:05:32Z,0,41
20260512070259,https://wikiservice.at/fractal/wiki.cgi?FR/BarCamp/RecentChanges,200,RecentChanges,probier,2026-05-26T15:36:12Z,2026-06-18T20:05:43Z,0,40
20260512070322,https://wikiservice.at/fractal/wiki.cgi?action=edit&id=FR/PinkoMarketing/SafariPhoto/Context&section=5,200,Context,probier,2026-05-26T14:06:45Z,2026-05-26T14:06:45Z,0,1
20260512070426,https://wikiservice.at/support/wiki.cgi?TestSeite/TestSeite,200,TestSeite,dse,2026-05-26T14:31:27Z,2026-06-22T08:42:22Z,0,238
20260512071752,https://wikiservice.at/fractal/wiki.cgi?action=browse&id=Wikis/English/RecentChanges&days=7,200,RecentChanges,dse,2026-05-26T13:13:21Z,2026-06-22T08:20:14Z,0,75
20260512071752,https://wikiservice.at/fractal/wiki.cgi?action=browse&id=Wikis/English/RecentChanges&days=7,200,RecentChanges,fractal,2026-05-26T10:51:00Z,2026-06-22T09:05:32Z,0,41
20260512071752,https://wikiservice.at/fractal/wiki.cgi?action=browse&id=Wikis/English/RecentChanges&days=7,200,RecentChanges,probier,2026-05-26T15:36:12Z,2026-06-18T20:05:43Z,0,40
20260512072853,https://wikiservice.at/fractal/wiki.cgi?action=edit&id=FR/Afrique/Context&section=2,200,Context,probier,2026-05-26T14:06:45Z,2026-05-26T14:06:45Z,0,1
20260512074206,https://wikiservice.at/fractal/wiki.cgi?action=browse&id=FR/ConstruireDesBlocs/RecentChanges&days=7,200,RecentChanges,dse,2026-05-26T13:13:21Z,2026-06-22T08:20:14Z,0,75
20260512074206,https://wikiservice.at/fractal/wiki.cgi?action=browse&id=FR/ConstruireDesBlocs/RecentChanges&days=7,200,RecentChanges,fractal,2026-05-26T10:51:00Z,2026-06-22T09:05:32Z,0,41
20260512074206,https://wikiservice.at/fractal/wiki.cgi?action=browse&id=FR/ConstruireDesBlocs/RecentChanges&days=7,200,RecentChanges,probier,2026-05-26T15:36:12Z,2026-06-18T20:05:43Z,0,40
20260512090324,https://prowiki.org/fractal/wiki.cgi?action=edit&id=LaurentLunati/Context&section=17,200,Context,probier,2026-05-26T14:06:45Z,2026-05-26T14:06:45Z,0,1
20260512090638,https://prowiki.org/fractal/wiki.cgi?action=edit&id=LaurentLunati/Context&section=7,200,Context,probier,2026-05-26T14:06:45Z,2026-05-26T14:06:45Z,0,1
20260512092103,https://prowiki.org/fractal/wiki.cgi?action=edit&id=LaurentLunati/Context&section=14,200,Context,probier,2026-05-26T14:06:45Z,2026-05-26T14:06:45Z,0,1
20260512092332,https://prowiki.org/fractal/wiki.cgi?action=browse&id=LaurentLunati/RecentChanges&days=7,200,RecentChanges,dse,2026-05-26T13:13:21Z,2026-06-22T08:20:14Z,0,75
20260512092332,https://prowiki.org/fractal/wiki.cgi?action=browse&id=LaurentLunati/RecentChanges&days=7,200,RecentChanges,fractal,2026-05-26T10:51:00Z,2026-06-22T09:05:32Z,0,41
20260512092332,https://prowiki.org/fractal/wiki.cgi?action=browse&id=LaurentLunati/RecentChanges&days=7,200,RecentChanges,probier,2026-05-26T15:36:12Z,2026-06-18T20:05:43Z,0,40
20260512092901,https://prowiki.org/fractal/wiki.cgi?action=edit&id=LaurentLunati/Context&section=18,200,Context,probier,2026-05-26T14:06:45Z,2026-05-26T14:06:45Z,0,1
20260512093142,https://prowiki.org/fractal/wiki.cgi?action=edit&id=LaurentLunati/Context&section=9,200,Context,probier,2026-05-26T14:06:45Z,2026-05-26T14:06:45Z,0,1
20260512094405,https://prowiki.org/fractal/wiki.cgi?action=edit&id=LaurentLunati/Context&section=15,200,Context,probier,2026-05-26T14:06:45Z,2026-05-26T14:06:45Z,0,1
20260512100409,https://prowiki.org/fractal/wiki.cgi?action=editprefs&lang=2&oldid=LaurentLunati/Context&id=LaurentLunati/Context,200,Context,probier,2026-05-26T14:06:45Z,2026-05-26T14:06:45Z,0,1
20260512100804,https://prowiki.org/fractal/wiki.cgi?action=edit&id=LaurentLunati/Context&section=8,200,Context,probier,2026-05-26T14:06:45Z,2026-05-26T14:06:45Z,0,1
20260512101149,https://prowiki.org/fractal/wiki.cgi?action=edit&id=LaurentLunati/Context&section=5,200,Context,probier,2026-05-26T14:06:45Z,2026-05-26T14:06:45Z,0,1
20260512101222,https://prowiki.org/fractal/wiki.cgi?action=browse&id=FR/OlivierSeres/RecentChanges&lang=2,200,RecentChanges,dse,2026-05-26T13:13:21Z,2026-06-22T08:20:14Z,0,75
20260512101222,https://prowiki.org/fractal/wiki.cgi?action=browse&id=FR/OlivierSeres/RecentChanges&lang=2,200,RecentChanges,fractal,2026-05-26T10:51:00Z,2026-06-22T09:05:32Z,0,41
20260512101222,https://prowiki.org/fractal/wiki.cgi?action=browse&id=FR/OlivierSeres/RecentChanges&lang=2,200,RecentChanges,probier,2026-05-26T15:36:12Z,2026-06-18T20:05:43Z,0,40
20260512101258,https://prowiki.org/fractal/wiki.cgi?action=edit&id=LaurentLunati/Context&section=16,200,Context,probier,2026-05-26T14:06:45Z,2026-05-26T14:06:45Z,0,1
20260512101815,https://prowiki.org/fractal/wiki.cgi?action=edit&id=LaurentLunati/Context&section=2,200,Context,probier,2026-05-26T14:06:45Z,2026-05-26T14:06:45Z,0,1
20260512112830,https://prowiki.org/fractal/wiki.cgi?action=edit&id=LaurentLunati/Context&section=13,200,Context,probier,2026-05-26T14:06:45Z,2026-05-26T14:06:45Z,0,1
20260512115619,https://prowiki.org/fractal/wiki.cgi?action=browse&id=FR/Identit%E9Num%E9riqueEnQuestion/RecentChanges&lang=2,200,RecentChanges,dse,2026-05-26T13:13:21Z,2026-06-22T08:20:14Z,0,75
20260512115619,https://prowiki.org/fractal/wiki.cgi?action=browse&id=FR/Identit%E9Num%E9riqueEnQuestion/RecentChanges&lang=2,200,RecentChanges,fractal,2026-05-26T10:51:00Z,2026-06-22T09:05:32Z,0,41
20260512115619,https://prowiki.org/fractal/wiki.cgi?action=browse&id=FR/Identit%E9Num%E9riqueEnQuestion/RecentChanges&lang=2,200,RecentChanges,probier,2026-05-26T15:36:12Z,2026-06-18T20:05:43Z,0,40
20260512121148,https://prowiki.org/fractal/wiki.cgi?action=editprefs&lang=2&oldid=FR/TwitterFanClub/RecentChanges&id=FR/TwitterFanClub/RecentChanges,200,RecentChanges,dse,2026-05-26T13:13:21Z,2026-06-22T08:20:14Z,0,75
20260512121148,https://prowiki.org/fractal/wiki.cgi?action=editprefs&lang=2&oldid=FR/TwitterFanClub/RecentChanges&id=FR/TwitterFanClub/RecentChanges,200,RecentChanges,fractal,2026-05-26T10:51:00Z,2026-06-22T09:05:32Z,0,41
20260512121148,https://prowiki.org/fractal/wiki.cgi?action=editprefs&lang=2&oldid=FR/TwitterFanClub/RecentChanges&id=FR/TwitterFanClub/RecentChanges,200,RecentChanges,probier,2026-05-26T15:36:12Z,2026-06-18T20:05:43Z,0,40
20260512121655,https://prowiki.org/prowiki/wiki.cgi?action=edit&id=Admin/TemplateTest/Context&section=4,200,Context,probier,2026-05-26T14:06:45Z,2026-05-26T14:06:45Z,0,1
20260512180629,https://prowiki.org/fractal/wiki.cgi?action=browse&id=FR/BarCamp/BarCampBank/RecentChanges&days=30,200,RecentChanges,dse,2026-05-26T13:13:21Z,2026-06-22T08:20:14Z,0,75
20260512180629,https://prowiki.org/fractal/wiki.cgi?action=browse&id=FR/BarCamp/BarCampBank/RecentChanges&days=30,200,RecentChanges,fractal,2026-05-26T10:51:00Z,2026-06-22T09:05:32Z,0,41
20260512180629,https://prowiki.org/fractal/wiki.cgi?action=browse&id=FR/BarCamp/BarCampBank/RecentChanges&days=30,200,RecentChanges,probier,2026-05-26T15:36:12Z,2026-06-18T20:05:43Z,0,40
20260512181135,https://prowiki.org/fractal/wiki.cgi?action=browse&id=FR/NouvellesD%E9marchesCoop%E9ratives/RecentChanges&days=14,200,RecentChanges,dse,2026-05-26T13:13:21Z,2026-06-22T08:20:14Z,0,75
20260512181135,https://prowiki.org/fractal/wiki.cgi?action=browse&id=FR/NouvellesD%E9marchesCoop%E9ratives/RecentChanges&days=14,200,RecentChanges,fractal,2026-05-26T10:51:00Z,2026-06-22T09:05:32Z,0,41
20260512181135,https://prowiki.org/fractal/wiki.cgi?action=browse&id=FR/NouvellesD%E9marchesCoop%E9ratives/RecentChanges&days=14,200,RecentChanges,probier,2026-05-26T15:36:12Z,2026-06-18T20:05:43Z,0,40
20260513031258,https://www.wikiservice.at/fractal/wiki.cgi?action=browse&id=RecentChanges,200,RecentChanges,dse,2026-05-26T13:13:21Z,2026-06-22T08:20:14Z,0,75
20260513031258,https://www.wikiservice.at/fractal/wiki.cgi?action=browse&id=RecentChanges,200,RecentChanges,fractal,2026-05-26T10:51:00Z,2026-06-22T09:05:32Z,0,41
20260513031258,https://www.wikiservice.at/fractal/wiki.cgi?action=browse&id=RecentChanges,200,RecentChanges,probier,2026-05-26T15:36:12Z,2026-06-18T20:05:43Z,0,40
20260513040940,https://www.wikiservice.at/fractal/wiki.cgi?FR/Context,200,Context,probier,2026-05-26T14:06:45Z,2026-05-26T14:06:45Z,0,1
20260513041843,https://www.wikiservice.at/gruender/wiki.cgi?WikiWeb,200,WikiWeb,dse,2026-06-22T02:57:53Z,2026-06-22T02:57:53Z,0,1
20260514162116,https://prowiki.org/fractal/wiki.cgi?action=browse&id=FR/RecentChanges&days=1,200,RecentChanges,dse,2026-05-26T13:13:21Z,2026-06-22T08:20:14Z,0,75
20260514162116,https://prowiki.org/fractal/wiki.cgi?action=browse&id=FR/RecentChanges&days=1,200,RecentChanges,fractal,2026-05-26T10:51:00Z,2026-06-22T09:05:32Z,0,41
20260514162116,https://prowiki.org/fractal/wiki.cgi?action=browse&id=FR/RecentChanges&days=1,200,RecentChanges,probier,2026-05-26T15:36:12Z,2026-06-18T20:05:43Z,0,40
20260514163615,https://prowiki.org/fractal/wiki.cgi?action=browse&id=FR/MaVieSansBug/RecentChanges&days=2,200,RecentChanges,dse,2026-05-26T13:13:21Z,2026-06-22T08:20:14Z,0,75
20260514163615,https://prowiki.org/fractal/wiki.cgi?action=browse&id=FR/MaVieSansBug/RecentChanges&days=2,200,RecentChanges,fractal,2026-05-26T10:51:00Z,2026-06-22T09:05:32Z,0,41
20260514163615,https://prowiki.org/fractal/wiki.cgi?action=browse&id=FR/MaVieSansBug/RecentChanges&days=2,200,RecentChanges,probier,2026-05-26T15:36:12Z,2026-06-18T20:05:43Z,0,40
20260514164210,https://prowiki.org/prowiki/wiki.cgi?search=StartSeite&title=off&word=on&case=on,200,StartSeite,dse,2026-05-26T11:27:48Z,2026-06-22T19:28:18Z,0,456
20260514164210,https://prowiki.org/prowiki/wiki.cgi?search=StartSeite&title=off&word=on&case=on,200,StartSeite,probier,2026-05-26T14:14:20Z,2026-05-26T14:14:20Z,0,1
20260514164210,https://prowiki.org/prowiki/wiki.cgi?search=StartSeite&title=off&word=on&case=on,200,Startseite,dse,2026-06-20T21:32:10Z,2026-06-20T21:32:10Z,0,1
20260514164732,https://prowiki.org/fractal/wiki.cgi?action=browse&id=FR/BarCamp/BarCampBank/RecentChanges&days=1,200,RecentChanges,dse,2026-05-26T13:13:21Z,2026-06-22T08:20:14Z,0,75
20260514164732,https://prowiki.org/fractal/wiki.cgi?action=browse&id=FR/BarCamp/BarCampBank/RecentChanges&days=1,200,RecentChanges,fractal,2026-05-26T10:51:00Z,2026-06-22T09:05:32Z,0,41
20260514164732,https://prowiki.org/fractal/wiki.cgi?action=browse&id=FR/BarCamp/BarCampBank/RecentChanges&days=1,200,RecentChanges,probier,2026-05-26T15:36:12Z,2026-06-18T20:05:43Z,0,40
20260514165050,https://prowiki.org/prowiki/wiki.cgi?RecentChanges,200,RecentChanges,dse,2026-05-26T13:13:21Z,2026-06-22T08:20:14Z,0,75
20260514165050,https://prowiki.org/prowiki/wiki.cgi?RecentChanges,200,RecentChanges,fractal,2026-05-26T10:51:00Z,2026-06-22T09:05:32Z,0,41
20260514165050,https://prowiki.org/prowiki/wiki.cgi?RecentChanges,200,RecentChanges,probier,2026-05-26T15:36:12Z,2026-06-18T20:05:43Z,0,40
20260514170611,https://prowiki.org/fractal/wiki.cgi?StartSeite/Context,200,Context,probier,2026-05-26T14:06:45Z,2026-05-26T14:06:45Z,0,1
20260514172912,https://prowiki.org/fractal/wiki.cgi?action=browse&id=FR/WikiUp/RecentChanges&lang=2,200,RecentChanges,dse,2026-05-26T13:13:21Z,2026-06-22T08:20:14Z,0,75
20260514172912,https://prowiki.org/fractal/wiki.cgi?action=browse&id=FR/WikiUp/RecentChanges&lang=2,200,RecentChanges,fractal,2026-05-26T10:51:00Z,2026-06-22T09:05:32Z,0,41
20260514172912,https://prowiki.org/fractal/wiki.cgi?action=browse&id=FR/WikiUp/RecentChanges&lang=2,200,RecentChanges,probier,2026-05-26T15:36:12Z,2026-06-18T20:05:43Z,0,40
20260514174827,https://prowiki.org/fractal/wiki.cgi?action=browse&id=FR/PinkoMarketing/RecentChanges&lang=2,200,RecentChanges,dse,2026-05-26T13:13:21Z,2026-06-22T08:20:14Z,0,75
20260514174827,https://prowiki.org/fractal/wiki.cgi?action=browse&id=FR/PinkoMarketing/RecentChanges&lang=2,200,RecentChanges,fractal,2026-05-26T10:51:00Z,2026-06-22T09:05:32Z,0,41
20260514174827,https://prowiki.org/fractal/wiki.cgi?action=browse&id=FR/PinkoMarketing/RecentChanges&lang=2,200,RecentChanges,probier,2026-05-26T15:36:12Z,2026-06-18T20:05:43Z,0,40
20260515042440,https://wikiservice.at/fractal/wiki.cgi?FR/PinkoMarketing/ExploraCoeur/Context,200,Context,probier,2026-05-26T14:06:45Z,2026-05-26T14:06:45Z,0,1
20260515045553,https://wikiservice.at/fractal/wiki.cgi?action=browse&id=FR/RecentChanges&from=1747949010,200,RecentChanges,dse,2026-05-26T13:13:21Z,2026-06-22T08:20:14Z,0,75
20260515045553,https://wikiservice.at/fractal/wiki.cgi?action=browse&id=FR/RecentChanges&from=1747949010,200,RecentChanges,fractal,2026-05-26T10:51:00Z,2026-06-22T09:05:32Z,0,41
20260515045553,https://wikiservice.at/fractal/wiki.cgi?action=browse&id=FR/RecentChanges&from=1747949010,200,RecentChanges,probier,2026-05-26T15:36:12Z,2026-06-18T20:05:43Z,0,40
20260515045719,https://wikiservice.at/fractal/wiki.cgi?action=multilink&id=FR/PinkoMarketing/RecentChanges&link=LaVoieDuPinko,200,RecentChanges,dse,2026-05-26T13:13:21Z,2026-06-22T08:20:14Z,0,75
20260515045719,https://wikiservice.at/fractal/wiki.cgi?action=multilink&id=FR/PinkoMarketing/RecentChanges&link=LaVoieDuPinko,200,RecentChanges,fractal,2026-05-26T10:51:00Z,2026-06-22T09:05:32Z,0,41
20260515045719,https://wikiservice.at/fractal/wiki.cgi?action=multilink&id=FR/PinkoMarketing/RecentChanges&link=LaVoieDuPinko,200,RecentChanges,probier,2026-05-26T15:36:12Z,2026-06-18T20:05:43Z,0,40
20260515051521,https://wikiservice.at/fractal/wiki.cgi?action=edit&id=FR/AyLuMax/Context&section=7,200,Context,probier,2026-05-26T14:06:45Z,2026-05-26T14:06:45Z,0,1
20260515052118,https://wikiservice.at/fractal/wiki.cgi?action=browse&id=EN/RecentChanges&days=30,200,RecentChanges,dse,2026-05-26T13:13:21Z,2026-06-22T08:20:14Z,0,75
20260515052118,https://wikiservice.at/fractal/wiki.cgi?action=browse&id=EN/RecentChanges&days=30,200,RecentChanges,fractal,2026-05-26T10:51:00Z,2026-06-22T09:05:32Z,0,41
20260515052118,https://wikiservice.at/fractal/wiki.cgi?action=browse&id=EN/RecentChanges&days=30,200,RecentChanges,probier,2026-05-26T15:36:12Z,2026-06-18T20:05:43Z,0,40
20260515053128,https://wikiservice.at/fractal/wiki.cgi?action=browse&id=FR/BarCamp/RecentChanges&days=30,200,RecentChanges,dse,2026-05-26T13:13:21Z,2026-06-22T08:20:14Z,0,75
20260515053128,https://wikiservice.at/fractal/wiki.cgi?action=browse&id=FR/BarCamp/RecentChanges&days=30,200,RecentChanges,fractal,2026-05-26T10:51:00Z,2026-06-22T09:05:32Z,0,41
20260515053128,https://wikiservice.at/fractal/wiki.cgi?action=browse&id=FR/BarCamp/RecentChanges&days=30,200,RecentChanges,probier,2026-05-26T15:36:12Z,2026-06-18T20:05:43Z,0,40
20260515102738,https://prowiki.org/fractal/wiki.cgi?action=multilink&id=FR/PagesJaunes/RecentChanges&link=WikiOuvert,200,RecentChanges,dse,2026-05-26T13:13:21Z,2026-06-22T08:20:14Z,0,75
20260515102738,https://prowiki.org/fractal/wiki.cgi?action=multilink&id=FR/PagesJaunes/RecentChanges&link=WikiOuvert,200,RecentChanges,fractal,2026-05-26T10:51:00Z,2026-06-22T09:05:32Z,0,41
20260515102738,https://prowiki.org/fractal/wiki.cgi?action=multilink&id=FR/PagesJaunes/RecentChanges&link=WikiOuvert,200,RecentChanges,probier,2026-05-26T15:36:12Z,2026-06-18T20:05:43Z,0,40
20260515103836,https://prowiki.org/fractal/wiki.cgi?action=browse&id=FR/PagesJaunes/RecentChanges&from=,200,RecentChanges,dse,2026-05-26T13:13:21Z,2026-06-22T08:20:14Z,0,75
20260515103836,https://prowiki.org/fractal/wiki.cgi?action=browse&id=FR/PagesJaunes/RecentChanges&from=,200,RecentChanges,fractal,2026-05-26T10:51:00Z,2026-06-22T09:05:32Z,0,41
20260515103836,https://prowiki.org/fractal/wiki.cgi?action=browse&id=FR/PagesJaunes/RecentChanges&from=,200,RecentChanges,probier,2026-05-26T15:36:12Z,2026-06-18T20:05:43Z,0,40
20260515104125,https://prowiki.org/fractal/wiki.cgi?action=browse&id=LaurentLunati/RecentChanges&days=2,200,RecentChanges,dse,2026-05-26T13:13:21Z,2026-06-22T08:20:14Z,0,75
20260515104125,https://prowiki.org/fractal/wiki.cgi?action=browse&id=LaurentLunati/RecentChanges&days=2,200,RecentChanges,fractal,2026-05-26T10:51:00Z,2026-06-22T09:05:32Z,0,41
20260515104125,https://prowiki.org/fractal/wiki.cgi?action=browse&id=LaurentLunati/RecentChanges&days=2,200,RecentChanges,probier,2026-05-26T15:36:12Z,2026-06-18T20:05:43Z,0,40
20260515111120,https://prowiki.org/fractal/wiki.cgi?action=browse&id=FR/PagesJaunes/RecentChanges&days=3,200,RecentChanges,dse,2026-05-26T13:13:21Z,2026-06-22T08:20:14Z,0,75
20260515111120,https://prowiki.org/fractal/wiki.cgi?action=browse&id=FR/PagesJaunes/RecentChanges&days=3,200,RecentChanges,fractal,2026-05-26T10:51:00Z,2026-06-22T09:05:32Z,0,41
20260515111120,https://prowiki.org/fractal/wiki.cgi?action=browse&id=FR/PagesJaunes/RecentChanges&days=3,200,RecentChanges,probier,2026-05-26T15:36:12Z,2026-06-18T20:05:43Z,0,40
20260515111222,https://prowiki.org/fractal/wiki.cgi?action=browse&id=LaurentLunati/RecentChanges&days=14,200,RecentChanges,dse,2026-05-26T13:13:21Z,2026-06-22T08:20:14Z,0,75
20260515111222,https://prowiki.org/fractal/wiki.cgi?action=browse&id=LaurentLunati/RecentChanges&days=14,200,RecentChanges,fractal,2026-05-26T10:51:00Z,2026-06-22T09:05:32Z,0,41
20260515111222,https://prowiki.org/fractal/wiki.cgi?action=browse&id=LaurentLunati/RecentChanges&days=14,200,RecentChanges,probier,2026-05-26T15:36:12Z,2026-06-18T20:05:43Z,0,40
20260515111633,https://prowiki.org/fractal/wiki.cgi?action=browse&id=FR/PagesJaunes/RecentChanges&days=30,200,RecentChanges,dse,2026-05-26T13:13:21Z,2026-06-22T08:20:14Z,0,75
20260515111633,https://prowiki.org/fractal/wiki.cgi?action=browse&id=FR/PagesJaunes/RecentChanges&days=30,200,RecentChanges,fractal,2026-05-26T10:51:00Z,2026-06-22T09:05:32Z,0,41
20260515111633,https://prowiki.org/fractal/wiki.cgi?action=browse&id=FR/PagesJaunes/RecentChanges&days=30,200,RecentChanges,probier,2026-05-26T15:36:12Z,2026-06-18T20:05:43Z,0,40
20260515112218,https://prowiki.org/fractal/wiki.cgi?action=browse&id=FR/PagesJaunes/RecentChanges&days=2,200,RecentChanges,dse,2026-05-26T13:13:21Z,2026-06-22T08:20:14Z,0,75
20260515112218,https://prowiki.org/fractal/wiki.cgi?action=browse&id=FR/PagesJaunes/RecentChanges&days=2,200,RecentChanges,fractal,2026-05-26T10:51:00Z,2026-06-22T09:05:32Z,0,41
20260515112218,https://prowiki.org/fractal/wiki.cgi?action=browse&id=FR/PagesJaunes/RecentChanges&days=2,200,RecentChanges,probier,2026-05-26T15:36:12Z,2026-06-18T20:05:43Z,0,40
20260515112244,https://prowiki.org/fractal/wiki.cgi?action=browse&id=FR/PagesJaunes/RecentChanges&days=14,200,RecentChanges,dse,2026-05-26T13:13:21Z,2026-06-22T08:20:14Z,0,75
20260515112244,https://prowiki.org/fractal/wiki.cgi?action=browse&id=FR/PagesJaunes/RecentChanges&days=14,200,RecentChanges,fractal,2026-05-26T10:51:00Z,2026-06-22T09:05:32Z,0,41
20260515112244,https://prowiki.org/fractal/wiki.cgi?action=browse&id=FR/PagesJaunes/RecentChanges&days=14,200,RecentChanges,probier,2026-05-26T15:36:12Z,2026-06-18T20:05:43Z,0,40
20260515112729,https://prowiki.org/fractal/wiki.cgi?action=browse&id=LaurentLunati/RecentChanges&days=3,200,RecentChanges,dse,2026-05-26T13:13:21Z,2026-06-22T08:20:14Z,0,75
20260515112729,https://prowiki.org/fractal/wiki.cgi?action=browse&id=LaurentLunati/RecentChanges&days=3,200,RecentChanges,fractal,2026-05-26T10:51:00Z,2026-06-22T09:05:32Z,0,41
20260515112729,https://prowiki.org/fractal/wiki.cgi?action=browse&id=LaurentLunati/RecentChanges&days=3,200,RecentChanges,probier,2026-05-26T15:36:12Z,2026-06-18T20:05:43Z,0,40
20260515112827,https://prowiki.org/fractal/wiki.cgi?action=browse&id=LaurentLunati/RecentChanges&days=30,200,RecentChanges,dse,2026-05-26T13:13:21Z,2026-06-22T08:20:14Z,0,75
20260515112827,https://prowiki.org/fractal/wiki.cgi?action=browse&id=LaurentLunati/RecentChanges&days=30,200,RecentChanges,fractal,2026-05-26T10:51:00Z,2026-06-22T09:05:32Z,0,41
20260515112827,https://prowiki.org/fractal/wiki.cgi?action=browse&id=LaurentLunati/RecentChanges&days=30,200,RecentChanges,probier,2026-05-26T15:36:12Z,2026-06-18T20:05:43Z,0,40
20260515113053,https://prowiki.org/fractal/wiki.cgi?action=editprefs&lang=2&oldid=LaurentLunati/RecentChanges&id=LaurentLunati/RecentChanges,200,RecentChanges,dse,2026-05-26T13:13:21Z,2026-06-22T08:20:14Z,0,75
20260515113053,https://prowiki.org/fractal/wiki.cgi?action=editprefs&lang=2&oldid=LaurentLunati/RecentChanges&id=LaurentLunati/RecentChanges,200,RecentChanges,fractal,2026-05-26T10:51:00Z,2026-06-22T09:05:32Z,0,41
20260515113053,https://prowiki.org/fractal/wiki.cgi?action=editprefs&lang=2&oldid=LaurentLunati/RecentChanges&id=LaurentLunati/RecentChanges,200,RecentChanges,probier,2026-05-26T15:36:12Z,2026-06-18T20:05:43Z,0,40
20260515114126,https://prowiki.org/fractal/wiki.cgi?action=browse&id=LaurentLunati/RecentChanges&from=,200,RecentChanges,dse,2026-05-26T13:13:21Z,2026-06-22T08:20:14Z,0,75
20260515114126,https://prowiki.org/fractal/wiki.cgi?action=browse&id=LaurentLunati/RecentChanges&from=,200,RecentChanges,fractal,2026-05-26T10:51:00Z,2026-06-22T09:05:32Z,0,41
20260515114126,https://prowiki.org/fractal/wiki.cgi?action=browse&id=LaurentLunati/RecentChanges&from=,200,RecentChanges,probier,2026-05-26T15:36:12Z,2026-06-18T20:05:43Z,0,40
20260515114532,https://prowiki.org/fractal/wiki.cgi?action=browse&id=LaurentLunati/RecentChanges&days=1,200,RecentChanges,dse,2026-05-26T13:13:21Z,2026-06-22T08:20:14Z,0,75
20260515114532,https://prowiki.org/fractal/wiki.cgi?action=browse&id=LaurentLunati/RecentChanges&days=1,200,RecentChanges,fractal,2026-05-26T10:51:00Z,2026-06-22T09:05:32Z,0,41
20260515114532,https://prowiki.org/fractal/wiki.cgi?action=browse&id=LaurentLunati/RecentChanges&days=1,200,RecentChanges,probier,2026-05-26T15:36:12Z,2026-06-18T20:05:43Z,0,40
20260515132316,https://www.wikiservice.at/support/wiki.cgi?Hauptseite/Context,200,Context,probier,2026-05-26T14:06:45Z,2026-05-26T14:06:45Z,0,1
20260515132749,https://www.wikiservice.at/support/wiki.cgi?Hauptseite/Testseite,200,TestSeite,dse,2026-05-26T14:31:27Z,2026-06-22T08:42:22Z,0,238
20260515141252,https://www.wikiservice.at/fractal/wiki.cgi?SandBox,200,SandBox,dse,2026-05-26T16:45:52Z,2026-06-22T08:38:38Z,0,8
20260515141252,https://www.wikiservice.at/fractal/wiki.cgi?SandBox,200,SandBox,fractal,2026-05-26T11:55:49Z,2026-06-22T08:51:08Z,0,3
20260515141252,https://www.wikiservice.at/fractal/wiki.cgi?SandBox,200,SandBox,probier,2026-06-09T09:24:03Z,2026-06-22T08:37:25Z,0,21
20260515141658,https://www.wikiservice.at/buecher/wiki.cgi?GeschichtenWald/Context,200,Context,probier,2026-05-26T14:06:45Z,2026-05-26T14:06:45Z,0,1
20260516074226,https://wikiservice.at/fractal/wiki.cgi?action=editprefs&lang=2&oldid=FR/Agr%E9gateurFractal/RecentChanges&id=FR/Agr%E9gateurFractal/RecentChanges,200,RecentChanges,dse,2026-05-26T13:13:21Z,2026-06-22T08:20:14Z,0,75
20260516074226,https://wikiservice.at/fractal/wiki.cgi?action=editprefs&lang=2&oldid=FR/Agr%E9gateurFractal/RecentChanges&id=FR/Agr%E9gateurFractal/RecentChanges,200,RecentChanges,fractal,2026-05-26T10:51:00Z,2026-06-22T09:05:32Z,0,41
20260516074226,https://wikiservice.at/fractal/wiki.cgi?action=editprefs&lang=2&oldid=FR/Agr%E9gateurFractal/RecentChanges&id=FR/Agr%E9gateurFractal/RecentChanges,200,RecentChanges,probier,2026-05-26T15:36:12Z,2026-06-18T20:05:43Z,0,40
20260516074300,https://wikiservice.at/demo/wiki.cgi?action=browse&id=RecentChanges&days=1,200,RecentChanges,dse,2026-05-26T13:13:21Z,2026-06-22T08:20:14Z,0,75
20260516074300,https://wikiservice.at/demo/wiki.cgi?action=browse&id=RecentChanges&days=1,200,RecentChanges,fractal,2026-05-26T10:51:00Z,2026-06-22T09:05:32Z,0,41
20260516074300,https://wikiservice.at/demo/wiki.cgi?action=browse&id=RecentChanges&days=1,200,RecentChanges,probier,2026-05-26T15:36:12Z,2026-06-18T20:05:43Z,0,40
20260516074734,https://wikiservice.at/fractal/wiki.cgi?action=browse&id=WikiWikiBelgique/RetoScope/RecentChanges&days=30,200,RecentChanges,dse,2026-05-26T13:13:21Z,2026-06-22T08:20:14Z,0,75
20260516074734,https://wikiservice.at/fractal/wiki.cgi?action=browse&id=WikiWikiBelgique/RetoScope/RecentChanges&days=30,200,RecentChanges,fractal,2026-05-26T10:51:00Z,2026-06-22T09:05:32Z,0,41
20260516074734,https://wikiservice.at/fractal/wiki.cgi?action=browse&id=WikiWikiBelgique/RetoScope/RecentChanges&days=30,200,RecentChanges,probier,2026-05-26T15:36:12Z,2026-06-18T20:05:43Z,0,40
20260516075158,https://wikiservice.at/demo/wiki.cgi?action=browse&id=RecentChanges&days=2,200,RecentChanges,dse,2026-05-26T13:13:21Z,2026-06-22T08:20:14Z,0,75
20260516075158,https://wikiservice.at/demo/wiki.cgi?action=browse&id=RecentChanges&days=2,200,RecentChanges,fractal,2026-05-26T10:51:00Z,2026-06-22T09:05:32Z,0,41
20260516075158,https://wikiservice.at/demo/wiki.cgi?action=browse&id=RecentChanges&days=2,200,RecentChanges,probier,2026-05-26T15:36:12Z,2026-06-18T20:05:43Z,0,40
20260516075425,https://wikiservice.at/gruender/wiki.cgi?action=browse&id=WorkBench/HwO/RecentChanges,200,RecentChanges,dse,2026-05-26T13:13:21Z,2026-06-22T08:20:14Z,0,75
20260516075425,https://wikiservice.at/gruender/wiki.cgi?action=browse&id=WorkBench/HwO/RecentChanges,200,RecentChanges,fractal,2026-05-26T10:51:00Z,2026-06-22T09:05:32Z,0,41
20260516075425,https://wikiservice.at/gruender/wiki.cgi?action=browse&id=WorkBench/HwO/RecentChanges,200,RecentChanges,probier,2026-05-26T15:36:12Z,2026-06-18T20:05:43Z,0,40
20260516075451,https://wikiservice.at/fractal/wiki.cgi?action=browse&id=EN/SandWiki/RecentChanges&days=3,200,RecentChanges,dse,2026-05-26T13:13:21Z,2026-06-22T08:20:14Z,0,75
20260516075451,https://wikiservice.at/fractal/wiki.cgi?action=browse&id=EN/SandWiki/RecentChanges&days=3,200,RecentChanges,fractal,2026-05-26T10:51:00Z,2026-06-22T09:05:32Z,0,41
20260516075451,https://wikiservice.at/fractal/wiki.cgi?action=browse&id=EN/SandWiki/RecentChanges&days=3,200,RecentChanges,probier,2026-05-26T15:36:12Z,2026-06-18T20:05:43Z,0,40
20260516075759,https://wikiservice.at/fractal/wiki.cgi?action=browse&id=EN/SandWiki/RecentChanges&days=30,200,RecentChanges,dse,2026-05-26T13:13:21Z,2026-06-22T08:20:14Z,0,75
20260516075759,https://wikiservice.at/fractal/wiki.cgi?action=browse&id=EN/SandWiki/RecentChanges&days=30,200,RecentChanges,fractal,2026-05-26T10:51:00Z,2026-06-22T09:05:32Z,0,41
20260516075759,https://wikiservice.at/fractal/wiki.cgi?action=browse&id=EN/SandWiki/RecentChanges&days=30,200,RecentChanges,probier,2026-05-26T15:36:12Z,2026-06-18T20:05:43Z,0,40
20260516075846,https://wikiservice.at/dict/es/wiki.cgi?action=browse&id=RecentChanges&days=30,200,RecentChanges,dse,2026-05-26T13:13:21Z,2026-06-22T08:20:14Z,0,75
20260516075846,https://wikiservice.at/dict/es/wiki.cgi?action=browse&id=RecentChanges&days=30,200,RecentChanges,fractal,2026-05-26T10:51:00Z,2026-06-22T09:05:32Z,0,41
20260516075846,https://wikiservice.at/dict/es/wiki.cgi?action=browse&id=RecentChanges&days=30,200,RecentChanges,probier,2026-05-26T15:36:12Z,2026-06-18T20:05:43Z,0,40
20260516075926,https://wikiservice.at/demo/wiki.cgi?action=browse&id=RecentChanges&days=3,200,RecentChanges,dse,2026-05-26T13:13:21Z,2026-06-22T08:20:14Z,0,75
20260516075926,https://wikiservice.at/demo/wiki.cgi?action=browse&id=RecentChanges&days=3,200,RecentChanges,fractal,2026-05-26T10:51:00Z,2026-06-22T09:05:32Z,0,41
20260516075926,https://wikiservice.at/demo/wiki.cgi?action=browse&id=RecentChanges&days=3,200,RecentChanges,probier,2026-05-26T15:36:12Z,2026-06-18T20:05:43Z,0,40
20260516080030,https://wikiservice.at/fractal/wiki.cgi?action=editprefs&oldid=EN/SandWiki/RecentChanges&id=EN/SandWiki/RecentChanges,200,RecentChanges,dse,2026-05-26T13:13:21Z,2026-06-22T08:20:14Z,0,75
20260516080030,https://wikiservice.at/fractal/wiki.cgi?action=editprefs&oldid=EN/SandWiki/RecentChanges&id=EN/SandWiki/RecentChanges,200,RecentChanges,fractal,2026-05-26T10:51:00Z,2026-06-22T09:05:32Z,0,41
20260516080030,https://wikiservice.at/fractal/wiki.cgi?action=editprefs&oldid=EN/SandWiki/RecentChanges&id=EN/SandWiki/RecentChanges,200,RecentChanges,probier,2026-05-26T15:36:12Z,2026-06-18T20:05:43Z,0,40
20260516080332,https://wikiservice.at/demo/wiki.cgi?action=edit&id=StartSeite&section=1,200,StartSeite,dse,2026-05-26T11:27:48Z,2026-06-22T19:28:18Z,0,456
20260516080332,https://wikiservice.at/demo/wiki.cgi?action=edit&id=StartSeite&section=1,200,StartSeite,probier,2026-05-26T14:14:20Z,2026-05-26T14:14:20Z,0,1
20260516080332,https://wikiservice.at/demo/wiki.cgi?action=edit&id=StartSeite&section=1,200,Startseite,dse,2026-06-20T21:32:10Z,2026-06-20T21:32:10Z,0,1
20260516080400,https://wikiservice.at/fractal/wiki.cgi?action=browse&id=FR/PinkoMarketing/Twocabulaire/RecentChanges&days=7,200,RecentChanges,dse,2026-05-26T13:13:21Z,2026-06-22T08:20:14Z,0,75
20260516080400,https://wikiservice.at/fractal/wiki.cgi?action=browse&id=FR/PinkoMarketing/Twocabulaire/RecentChanges&days=7,200,RecentChanges,fractal,2026-05-26T10:51:00Z,2026-06-22T09:05:32Z,0,41
20260516080400,https://wikiservice.at/fractal/wiki.cgi?action=browse&id=FR/PinkoMarketing/Twocabulaire/RecentChanges&days=7,200,RecentChanges,probier,2026-05-26T15:36:12Z,2026-06-18T20:05:43Z,0,40
20260516080646,https://wikiservice.at/fractal/wiki.cgi?action=browse&id=FR/PaysagisteNum%E9rique/RecentChanges&days=2,200,RecentChanges,dse,2026-05-26T13:13:21Z,2026-06-22T08:20:14Z,0,75
20260516080646,https://wikiservice.at/fractal/wiki.cgi?action=browse&id=FR/PaysagisteNum%E9rique/RecentChanges&days=2,200,RecentChanges,fractal,2026-05-26T10:51:00Z,2026-06-22T09:05:32Z,0,41
20260516080646,https://wikiservice.at/fractal/wiki.cgi?action=browse&id=FR/PaysagisteNum%E9rique/RecentChanges&days=2,200,RecentChanges,probier,2026-05-26T15:36:12Z,2026-06-18T20:05:43Z,0,40
20260516081140,https://wikiservice.at/dict/es/wiki.cgi?action=browse&id=RecentChanges&from=,200,RecentChanges,dse,2026-05-26T13:13:21Z,2026-06-22T08:20:14Z,0,75
20260516081140,https://wikiservice.at/dict/es/wiki.cgi?action=browse&id=RecentChanges&from=,200,RecentChanges,fractal,2026-05-26T10:51:00Z,2026-06-22T09:05:32Z,0,41
20260516081140,https://wikiservice.at/dict/es/wiki.cgi?action=browse&id=RecentChanges&from=,200,RecentChanges,probier,2026-05-26T15:36:12Z,2026-06-18T20:05:43Z,0,40
20260516081233,https://wikiservice.at/fractal/wiki.cgi?action=browse&id=EN/SandWiki/RecentChanges&days=1,200,RecentChanges,dse,2026-05-26T13:13:21Z,2026-06-22T08:20:14Z,0,75
20260516081233,https://wikiservice.at/fractal/wiki.cgi?action=browse&id=EN/SandWiki/RecentChanges&days=1,200,RecentChanges,fractal,2026-05-26T10:51:00Z,2026-06-22T09:05:32Z,0,41
20260516081233,https://wikiservice.at/fractal/wiki.cgi?action=browse&id=EN/SandWiki/RecentChanges&days=1,200,RecentChanges,probier,2026-05-26T15:36:12Z,2026-06-18T20:05:43Z,0,40
20260516081325,https://wikiservice.at/fractal/wiki.cgi?action=browse&id=FR/PinkoMarketing/Twocabulaire/RecentChanges&from=,200,RecentChanges,dse,2026-05-26T13:13:21Z,2026-06-22T08:20:14Z,0,75
20260516081325,https://wikiservice.at/fractal/wiki.cgi?action=browse&id=FR/PinkoMarketing/Twocabulaire/RecentChanges&from=,200,RecentChanges,fractal,2026-05-26T10:51:00Z,2026-06-22T09:05:32Z,0,41
20260516081325,https://wikiservice.at/fractal/wiki.cgi?action=browse&id=FR/PinkoMarketing/Twocabulaire/RecentChanges&from=,200,RecentChanges,probier,2026-05-26T15:36:12Z,2026-06-18T20:05:43Z,0,40
20260516081512,https://wikiservice.at/fractal/wiki.cgi?action=browse&id=RecentChanges&from=,200,RecentChanges,dse,2026-05-26T13:13:21Z,2026-06-22T08:20:14Z,0,75
20260516081512,https://wikiservice.at/fractal/wiki.cgi?action=browse&id=RecentChanges&from=,200,RecentChanges,fractal,2026-05-26T10:51:00Z,2026-06-22T09:05:32Z,0,41
20260516081512,https://wikiservice.at/fractal/wiki.cgi?action=browse&id=RecentChanges&from=,200,RecentChanges,probier,2026-05-26T15:36:12Z,2026-06-18T20:05:43Z,0,40
20260516082006,https://wikiservice.at/fractal/wiki.cgi?action=browse&id=FR/WikiUp/RecentChanges&days=1,200,RecentChanges,dse,2026-05-26T13:13:21Z,2026-06-22T08:20:14Z,0,75
20260516082006,https://wikiservice.at/fractal/wiki.cgi?action=browse&id=FR/WikiUp/RecentChanges&days=1,200,RecentChanges,fractal,2026-05-26T10:51:00Z,2026-06-22T09:05:32Z,0,41
20260516082006,https://wikiservice.at/fractal/wiki.cgi?action=browse&id=FR/WikiUp/RecentChanges&days=1,200,RecentChanges,probier,2026-05-26T15:36:12Z,2026-06-18T20:05:43Z,0,40
20260516082323,https://wikiservice.at/fractal/wiki.cgi?action=browse&id=Wikis/PeriPeriClone/RecentChanges&days=1,200,RecentChanges,dse,2026-05-26T13:13:21Z,2026-06-22T08:20:14Z,0,75
20260516082323,https://wikiservice.at/fractal/wiki.cgi?action=browse&id=Wikis/PeriPeriClone/RecentChanges&days=1,200,RecentChanges,fractal,2026-05-26T10:51:00Z,2026-06-22T09:05:32Z,0,41
20260516082323,https://wikiservice.at/fractal/wiki.cgi?action=browse&id=Wikis/PeriPeriClone/RecentChanges&days=1,200,RecentChanges,probier,2026-05-26T15:36:12Z,2026-06-18T20:05:43Z,0,40
20260516082725,https://wikiservice.at/dict/wiki.cgi?Context,200,Context,probier,2026-05-26T14:06:45Z,2026-05-26T14:06:45Z,0,1
20260516082954,https://wikiservice.at/fractal/wiki.cgi?action=editprefs&lang=2&oldid=FR/MicroFormats/Blog/nanotechnologie_du_web_semantique/Context&id=FR/MicroFormats/Blog/nanotechnologie_du_web_semantique/Context,200,Context,probier,2026-05-26T14:06:45Z,2026-05-26T14:06:45Z,0,1
20260516083058,https://wikiservice.at/fractal/wiki.cgi?action=editprefs&lang=2&oldid=FR/WikiUp/RecentChanges&id=FR/WikiUp/RecentChanges,200,RecentChanges,dse,2026-05-26T13:13:21Z,2026-06-22T08:20:14Z,0,75
20260516083058,https://wikiservice.at/fractal/wiki.cgi?action=editprefs&lang=2&oldid=FR/WikiUp/RecentChanges&id=FR/WikiUp/RecentChanges,200,RecentChanges,fractal,2026-05-26T10:51:00Z,2026-06-22T09:05:32Z,0,41
20260516083058,https://wikiservice.at/fractal/wiki.cgi?action=editprefs&lang=2&oldid=FR/WikiUp/RecentChanges&id=FR/WikiUp/RecentChanges,200,RecentChanges,probier,2026-05-26T15:36:12Z,2026-06-18T20:05:43Z,0,40
20260516083236,https://wikiservice.at/fractal/wiki.cgi?action=browse&id=Wikis/PeriPeriClone/RecentChanges&days=30,200,RecentChanges,dse,2026-05-26T13:13:21Z,2026-06-22T08:20:14Z,0,75
20260516083236,https://wikiservice.at/fractal/wiki.cgi?action=browse&id=Wikis/PeriPeriClone/RecentChanges&days=30,200,RecentChanges,fractal,2026-05-26T10:51:00Z,2026-06-22T09:05:32Z,0,41
20260516083236,https://wikiservice.at/fractal/wiki.cgi?action=browse&id=Wikis/PeriPeriClone/RecentChanges&days=30,200,RecentChanges,probier,2026-05-26T15:36:12Z,2026-06-18T20:05:43Z,0,40
20260516083439,https://wikiservice.at/fractal/wiki.cgi?RecentChanges,200,RecentChanges,dse,2026-05-26T13:13:21Z,2026-06-22T08:20:14Z,0,75
20260516083439,https://wikiservice.at/fractal/wiki.cgi?RecentChanges,200,RecentChanges,fractal,2026-05-26T10:51:00Z,2026-06-22T09:05:32Z,0,41
20260516083439,https://wikiservice.at/fractal/wiki.cgi?RecentChanges,200,RecentChanges,probier,2026-05-26T15:36:12Z,2026-06-18T20:05:43Z,0,40
20260516084056,https://wikiservice.at/fractal/wiki.cgi?action=browse&id=Wikis/PeriPeriClone/RecentChanges&days=7,200,RecentChanges,dse,2026-05-26T13:13:21Z,2026-06-22T08:20:14Z,0,75
20260516084056,https://wikiservice.at/fractal/wiki.cgi?action=browse&id=Wikis/PeriPeriClone/RecentChanges&days=7,200,RecentChanges,fractal,2026-05-26T10:51:00Z,2026-06-22T09:05:32Z,0,41
20260516084056,https://wikiservice.at/fractal/wiki.cgi?action=browse&id=Wikis/PeriPeriClone/RecentChanges&days=7,200,RecentChanges,probier,2026-05-26T15:36:12Z,2026-06-18T20:05:43Z,0,40
20260516084218,https://wikiservice.at/fractal/wiki.cgi?action=editprefs&lang=2&oldid=WikiWikiBelgique/RetoScope/RecentChanges&id=WikiWikiBelgique/RetoScope/RecentChanges,200,RecentChanges,dse,2026-05-26T13:13:21Z,2026-06-22T08:20:14Z,0,75
20260516084218,https://wikiservice.at/fractal/wiki.cgi?action=editprefs&lang=2&oldid=WikiWikiBelgique/RetoScope/RecentChanges&id=WikiWikiBelgique/RetoScope/RecentChanges,200,RecentChanges,fractal,2026-05-26T10:51:00Z,2026-06-22T09:05:32Z,0,41
20260516084218,https://wikiservice.at/fractal/wiki.cgi?action=editprefs&lang=2&oldid=WikiWikiBelgique/RetoScope/RecentChanges&id=WikiWikiBelgique/RetoScope/RecentChanges,200,RecentChanges,probier,2026-05-26T15:36:12Z,2026-06-18T20:05:43Z,0,40
20260516084245,https://wikiservice.at/demo/wiki.cgi?action=browse&id=RecentChanges&days=14,200,RecentChanges,dse,2026-05-26T13:13:21Z,2026-06-22T08:20:14Z,0,75
20260516084245,https://wikiservice.at/demo/wiki.cgi?action=browse&id=RecentChanges&days=14,200,RecentChanges,fractal,2026-05-26T10:51:00Z,2026-06-22T09:05:32Z,0,41
20260516084245,https://wikiservice.at/demo/wiki.cgi?action=browse&id=RecentChanges&days=14,200,RecentChanges,probier,2026-05-26T15:36:12Z,2026-06-18T20:05:43Z,0,40
20260516084531,https://wikiservice.at/dict/es/wiki.cgi?action=editprefs&oldid=RecentChanges&id=RecentChanges,200,RecentChanges,dse,2026-05-26T13:13:21Z,2026-06-22T08:20:14Z,0,75
20260516084531,https://wikiservice.at/dict/es/wiki.cgi?action=editprefs&oldid=RecentChanges&id=RecentChanges,200,RecentChanges,fractal,2026-05-26T10:51:00Z,2026-06-22T09:05:32Z,0,41
20260516084531,https://wikiservice.at/dict/es/wiki.cgi?action=editprefs&oldid=RecentChanges&id=RecentChanges,200,RecentChanges,probier,2026-05-26T15:36:12Z,2026-06-18T20:05:43Z,0,40
20260516084557,https://wikiservice.at/dict/es/wiki.cgi?action=browse&id=RecentChanges&days=1,200,RecentChanges,dse,2026-05-26T13:13:21Z,2026-06-22T08:20:14Z,0,75
20260516084557,https://wikiservice.at/dict/es/wiki.cgi?action=browse&id=RecentChanges&days=1,200,RecentChanges,fractal,2026-05-26T10:51:00Z,2026-06-22T09:05:32Z,0,41
20260516084557,https://wikiservice.at/dict/es/wiki.cgi?action=browse&id=RecentChanges&days=1,200,RecentChanges,probier,2026-05-26T15:36:12Z,2026-06-18T20:05:43Z,0,40
20260516084625,https://wikiservice.at/dict/es/wiki.cgi?action=browse&id=RecentChanges&days=2,200,RecentChanges,dse,2026-05-26T13:13:21Z,2026-06-22T08:20:14Z,0,75
20260516084625,https://wikiservice.at/dict/es/wiki.cgi?action=browse&id=RecentChanges&days=2,200,RecentChanges,fractal,2026-05-26T10:51:00Z,2026-06-22T09:05:32Z,0,41
20260516084625,https://wikiservice.at/dict/es/wiki.cgi?action=browse&id=RecentChanges&days=2,200,RecentChanges,probier,2026-05-26T15:36:12Z,2026-06-18T20:05:43Z,0,40
20260516084654,https://wikiservice.at/dict/es/wiki.cgi?action=browse&id=RecentChanges&days=3,200,RecentChanges,dse,2026-05-26T13:13:21Z,2026-06-22T08:20:14Z,0,75
20260516084654,https://wikiservice.at/dict/es/wiki.cgi?action=browse&id=RecentChanges&days=3,200,RecentChanges,fractal,2026-05-26T10:51:00Z,2026-06-22T09:05:32Z,0,41
20260516084654,https://wikiservice.at/dict/es/wiki.cgi?action=browse&id=RecentChanges&days=3,200,RecentChanges,probier,2026-05-26T15:36:12Z,2026-06-18T20:05:43Z,0,40
20260516084747,https://wikiservice.at/dict/es/wiki.cgi?action=browse&id=RecentChanges&days=14,200,RecentChanges,dse,2026-05-26T13:13:21Z,2026-06-22T08:20:14Z,0,75
20260516084747,https://wikiservice.at/dict/es/wiki.cgi?action=browse&id=RecentChanges&days=14,200,RecentChanges,fractal,2026-05-26T10:51:00Z,2026-06-22T09:05:32Z,0,41
20260516084747,https://wikiservice.at/dict/es/wiki.cgi?action=browse&id=RecentChanges&days=14,200,RecentChanges,probier,2026-05-26T15:36:12Z,2026-06-18T20:05:43Z,0,40
20260516084839,https://wikiservice.at/demo/wiki.cgi?action=editprefs&lang=1&oldid=RecentChanges&id=RecentChanges,200,RecentChanges,dse,2026-05-26T13:13:21Z,2026-06-22T08:20:14Z,0,75
20260516084839,https://wikiservice.at/demo/wiki.cgi?action=editprefs&lang=1&oldid=RecentChanges&id=RecentChanges,200,RecentChanges,fractal,2026-05-26T10:51:00Z,2026-06-22T09:05:32Z,0,41
20260516084839,https://wikiservice.at/demo/wiki.cgi?action=editprefs&lang=1&oldid=RecentChanges&id=RecentChanges,200,RecentChanges,probier,2026-05-26T15:36:12Z,2026-06-18T20:05:43Z,0,40
20260516084933,https://wikiservice.at/fractal/wiki.cgi?action=browse&id=FR/PaysagisteNum%E9rique/RecentChanges&days=30,200,RecentChanges,dse,2026-05-26T13:13:21Z,2026-06-22T08:20:14Z,0,75
20260516084933,https://wikiservice.at/fractal/wiki.cgi?action=browse&id=FR/PaysagisteNum%E9rique/RecentChanges&days=30,200,RecentChanges,fractal,2026-05-26T10:51:00Z,2026-06-22T09:05:32Z,0,41
20260516084933,https://wikiservice.at/fractal/wiki.cgi?action=browse&id=FR/PaysagisteNum%E9rique/RecentChanges&days=30,200,RecentChanges,probier,2026-05-26T15:36:12Z,2026-06-18T20:05:43Z,0,40
20260516085243,https://wikiservice.at/fractal/wiki.cgi?action=browse&id=FR/PinkoMarketing/Twocabulaire/RecentChanges&days=1,200,RecentChanges,dse,2026-05-26T13:13:21Z,2026-06-22T08:20:14Z,0,75
20260516085243,https://wikiservice.at/fractal/wiki.cgi?action=browse&id=FR/PinkoMarketing/Twocabulaire/RecentChanges&days=1,200,RecentChanges,fractal,2026-05-26T10:51:00Z,2026-06-22T09:05:32Z,0,41
20260516085243,https://wikiservice.at/fractal/wiki.cgi?action=browse&id=FR/PinkoMarketing/Twocabulaire/RecentChanges&days=1,200,RecentChanges,probier,2026-05-26T15:36:12Z,2026-06-18T20:05:43Z,0,40
20260516085311,https://wikiservice.at/fractal/wiki.cgi?action=browse&id=RecentChanges&days=3,200,RecentChanges,dse,2026-05-26T13:13:21Z,2026-06-22T08:20:14Z,0,75
20260516085311,https://wikiservice.at/fractal/wiki.cgi?action=browse&id=RecentChanges&days=3,200,RecentChanges,fractal,2026-05-26T10:51:00Z,2026-06-22T09:05:32Z,0,41
20260516085311,https://wikiservice.at/fractal/wiki.cgi?action=browse&id=RecentChanges&days=3,200,RecentChanges,probier,2026-05-26T15:36:12Z,2026-06-18T20:05:43Z,0,40
20260516085453,https://wikiservice.at/fractal/wiki.cgi?action=browse&id=RecentChanges&days=7,200,RecentChanges,dse,2026-05-26T13:13:21Z,2026-06-22T08:20:14Z,0,75
20260516085453,https://wikiservice.at/fractal/wiki.cgi?action=browse&id=RecentChanges&days=7,200,RecentChanges,fractal,2026-05-26T10:51:00Z,2026-06-22T09:05:32Z,0,41
20260516085453,https://wikiservice.at/fractal/wiki.cgi?action=browse&id=RecentChanges&days=7,200,RecentChanges,probier,2026-05-26T15:36:12Z,2026-06-18T20:05:43Z,0,40
20260516085640,https://wikiservice.at/fdw/wiki.cgi?action=editprefs&lang=1&oldid=TestSeite&id=TestSeite,200,TestSeite,dse,2026-05-26T14:31:27Z,2026-06-22T08:42:22Z,0,238
20260516085731,https://wikiservice.at/fractal/wiki.cgi?action=browse&id=LaurentLunati/RecentChanges&lang=2,200,RecentChanges,dse,2026-05-26T13:13:21Z,2026-06-22T08:20:14Z,0,75
20260516085731,https://wikiservice.at/fractal/wiki.cgi?action=browse&id=LaurentLunati/RecentChanges&lang=2,200,RecentChanges,fractal,2026-05-26T10:51:00Z,2026-06-22T09:05:32Z,0,41
20260516085731,https://wikiservice.at/fractal/wiki.cgi?action=browse&id=LaurentLunati/RecentChanges&lang=2,200,RecentChanges,probier,2026-05-26T15:36:12Z,2026-06-18T20:05:43Z,0,40
20260516085848,https://wikiservice.at/fractal/wiki.cgi?action=browse&id=FR/PinkoMarketing/Twocabulaire/RecentChanges&days=14,200,RecentChanges,dse,2026-05-26T13:13:21Z,2026-06-22T08:20:14Z,0,75
20260516085848,https://wikiservice.at/fractal/wiki.cgi?action=browse&id=FR/PinkoMarketing/Twocabulaire/RecentChanges&days=14,200,RecentChanges,fractal,2026-05-26T10:51:00Z,2026-06-22T09:05:32Z,0,41
20260516085848,https://wikiservice.at/fractal/wiki.cgi?action=browse&id=FR/PinkoMarketing/Twocabulaire/RecentChanges&days=14,200,RecentChanges,probier,2026-05-26T15:36:12Z,2026-06-18T20:05:43Z,0,40
20260516090007,https://wikiservice.at/fractal/wiki.cgi?action=browse&id=FR/Identit%E9Num%E9riqueEnQuestion/RecentChanges&lang=2,200,RecentChanges,dse,2026-05-26T13:13:21Z,2026-06-22T08:20:14Z,0,75
20260516090007,https://wikiservice.at/fractal/wiki.cgi?action=browse&id=FR/Identit%E9Num%E9riqueEnQuestion/RecentChanges&lang=2,200,RecentChanges,fractal,2026-05-26T10:51:00Z,2026-06-22T09:05:32Z,0,41
20260516090007,https://wikiservice.at/fractal/wiki.cgi?action=browse&id=FR/Identit%E9Num%E9riqueEnQuestion/RecentChanges&lang=2,200,RecentChanges,probier,2026-05-26T15:36:12Z,2026-06-18T20:05:43Z,0,40
20260516090227,https://wikiservice.at/fractal/wiki.cgi?action=browse&id=FR/PinkoMarketing/Twocabulaire/RecentChanges&days=30,200,RecentChanges,dse,2026-05-26T13:13:21Z,2026-06-22T08:20:14Z,0,75
20260516090227,https://wikiservice.at/fractal/wiki.cgi?action=browse&id=FR/PinkoMarketing/Twocabulaire/RecentChanges&days=30,200,RecentChanges,fractal,2026-05-26T10:51:00Z,2026-06-22T09:05:32Z,0,41
20260516090227,https://wikiservice.at/fractal/wiki.cgi?action=browse&id=FR/PinkoMarketing/Twocabulaire/RecentChanges&days=30,200,RecentChanges,probier,2026-05-26T15:36:12Z,2026-06-18T20:05:43Z,0,40
20260516090255,https://wikiservice.at/fractal/wiki.cgi?action=browse&id=FR/PaysagisteNum%E9rique/RecentChanges&from=,200,RecentChanges,dse,2026-05-26T13:13:21Z,2026-06-22T08:20:14Z,0,75
20260516090255,https://wikiservice.at/fractal/wiki.cgi?action=browse&id=FR/PaysagisteNum%E9rique/RecentChanges&from=,200,RecentChanges,fractal,2026-05-26T10:51:00Z,2026-06-22T09:05:32Z,0,41
20260516090255,https://wikiservice.at/fractal/wiki.cgi?action=browse&id=FR/PaysagisteNum%E9rique/RecentChanges&from=,200,RecentChanges,probier,2026-05-26T15:36:12Z,2026-06-18T20:05:43Z,0,40
20260516090602,https://wikiservice.at/fractal/wiki.cgi?action=browse&id=WikiWikiBelgique/RetoScope/RecentChanges&days=14,200,RecentChanges,dse,2026-05-26T13:13:21Z,2026-06-22T08:20:14Z,0,75
20260516090602,https://wikiservice.at/fractal/wiki.cgi?action=browse&id=WikiWikiBelgique/RetoScope/RecentChanges&days=14,200,RecentChanges,fractal,2026-05-26T10:51:00Z,2026-06-22T09:05:32Z,0,41
20260516090602,https://wikiservice.at/fractal/wiki.cgi?action=browse&id=WikiWikiBelgique/RetoScope/RecentChanges&days=14,200,RecentChanges,probier,2026-05-26T15:36:12Z,2026-06-18T20:05:43Z,0,40
20260516090616,https://wikiservice.at/fractal/wiki.cgi?action=browse&id=EN/SandWiki/RecentChanges&days=7,200,RecentChanges,dse,2026-05-26T13:13:21Z,2026-06-22T08:20:14Z,0,75
20260516090616,https://wikiservice.at/fractal/wiki.cgi?action=browse&id=EN/SandWiki/RecentChanges&days=7,200,RecentChanges,fractal,2026-05-26T10:51:00Z,2026-06-22T09:05:32Z,0,41
20260516090616,https://wikiservice.at/fractal/wiki.cgi?action=browse&id=EN/SandWiki/RecentChanges&days=7,200,RecentChanges,probier,2026-05-26T15:36:12Z,2026-06-18T20:05:43Z,0,40
20260516090641,https://wikiservice.at/fractal/wiki.cgi?action=browse&id=Wikis/PeriPeriClone/RecentChanges&days=3,200,RecentChanges,dse,2026-05-26T13:13:21Z,2026-06-22T08:20:14Z,0,75
20260516090641,https://wikiservice.at/fractal/wiki.cgi?action=browse&id=Wikis/PeriPeriClone/RecentChanges&days=3,200,RecentChanges,fractal,2026-05-26T10:51:00Z,2026-06-22T09:05:32Z,0,41
20260516090641,https://wikiservice.at/fractal/wiki.cgi?action=browse&id=Wikis/PeriPeriClone/RecentChanges&days=3,200,RecentChanges,probier,2026-05-26T15:36:12Z,2026-06-18T20:05:43Z,0,40
20260516090653,https://wikiservice.at/fractal/wiki.cgi?action=browse&id=FR/PaysagisteNum%E9rique/RecentChanges&lang=2,200,RecentChanges,dse,2026-05-26T13:13:21Z,2026-06-22T08:20:14Z,0,75
20260516090653,https://wikiservice.at/fractal/wiki.cgi?action=browse&id=FR/PaysagisteNum%E9rique/RecentChanges&lang=2,200,RecentChanges,fractal,2026-05-26T10:51:00Z,2026-06-22T09:05:32Z,0,41
20260516090653,https://wikiservice.at/fractal/wiki.cgi?action=browse&id=FR/PaysagisteNum%E9rique/RecentChanges&lang=2,200,RecentChanges,probier,2026-05-26T15:36:12Z,2026-06-18T20:05:43Z,0,40
20260516090706,https://wikiservice.at/fractal/wiki.cgi?action=editprefs&lang=2&oldid=FR/AyLuMax/RecentChanges&id=FR/AyLuMax/RecentChanges,200,RecentChanges,dse,2026-05-26T13:13:21Z,2026-06-22T08:20:14Z,0,75
20260516090706,https://wikiservice.at/fractal/wiki.cgi?action=editprefs&lang=2&oldid=FR/AyLuMax/RecentChanges&id=FR/AyLuMax/RecentChanges,200,RecentChanges,fractal,2026-05-26T10:51:00Z,2026-06-22T09:05:32Z,0,41
20260516090706,https://wikiservice.at/fractal/wiki.cgi?action=editprefs&lang=2&oldid=FR/AyLuMax/RecentChanges&id=FR/AyLuMax/RecentChanges,200,RecentChanges,probier,2026-05-26T15:36:12Z,2026-06-18T20:05:43Z,0,40
20260516090833,https://wikiservice.at/support/wiki.cgi?action=editprefs&lang=1&oldid=TestSeite/TestSeite&id=TestSeite/TestSeite,200,TestSeite,dse,2026-05-26T14:31:27Z,2026-06-22T08:42:22Z,0,238
20260516090853,https://wikiservice.at/fractal/wiki.cgi?action=editprefs&lang=2&oldid=FR/PinkoMarketing/Twocabulaire/RecentChanges&id=FR/PinkoMarketing/Twocabulaire/RecentChanges,200,RecentChanges,dse,2026-05-26T13:13:21Z,2026-06-22T08:20:14Z,0,75
20260516090853,https://wikiservice.at/fractal/wiki.cgi?action=editprefs&lang=2&oldid=FR/PinkoMarketing/Twocabulaire/RecentChanges&id=FR/PinkoMarketing/Twocabulaire/RecentChanges,200,RecentChanges,fractal,2026-05-26T10:51:00Z,2026-06-22T09:05:32Z,0,41
20260516090853,https://wikiservice.at/fractal/wiki.cgi?action=editprefs&lang=2&oldid=FR/PinkoMarketing/Twocabulaire/RecentChanges&id=FR/PinkoMarketing/Twocabulaire/RecentChanges,200,RecentChanges,probier,2026-05-26T15:36:12Z,2026-06-18T20:05:43Z,0,40
20260516113026,https://prowiki.org/prowiki/wiki.cgi?action=edit&id=Context&section=1,200,Context,probier,2026-05-26T14:06:45Z,2026-05-26T14:06:45Z,0,1
20260516113213,https://prowiki.org/prowiki/wiki.cgi?Admin/SvgFrame/Context,200,Context,probier,2026-05-26T14:06:45Z,2026-05-26T14:06:45Z,0,1
20260516120826,https://prowiki.org/fractal/wiki.cgi?action=browse&id=RecentChanges&days=14,200,RecentChanges,dse,2026-05-26T13:13:21Z,2026-06-22T08:20:14Z,0,75
20260516120826,https://prowiki.org/fractal/wiki.cgi?action=browse&id=RecentChanges&days=14,200,RecentChanges,fractal,2026-05-26T10:51:00Z,2026-06-22T09:05:32Z,0,41
20260516120826,https://prowiki.org/fractal/wiki.cgi?action=browse&id=RecentChanges&days=14,200,RecentChanges,probier,2026-05-26T15:36:12Z,2026-06-18T20:05:43Z,0,40
20260517021752,https://www.wikiservice.at/fractal/wiki.cgi?Context,200,Context,probier,2026-05-26T14:06:45Z,2026-05-26T14:06:45Z,0,1
20260517050758,https://wikiservice.at/fdw/wiki.cgi?action=browse&id=RecentChanges&lang=1,200,RecentChanges,dse,2026-05-26T13:13:21Z,2026-06-22T08:20:14Z,0,75
20260517050758,https://wikiservice.at/fdw/wiki.cgi?action=browse&id=RecentChanges&lang=1,200,RecentChanges,fractal,2026-05-26T10:51:00Z,2026-06-22T09:05:32Z,0,41
20260517050758,https://wikiservice.at/fdw/wiki.cgi?action=browse&id=RecentChanges&lang=1,200,RecentChanges,probier,2026-05-26T15:36:12Z,2026-06-18T20:05:43Z,0,40
20260517051847,https://wikiservice.at/fractal/wiki.cgi?action=browse&id=WikiWikiBelgique/RecentChanges&days=1,200,RecentChanges,dse,2026-05-26T13:13:21Z,2026-06-22T08:20:14Z,0,75
20260517051847,https://wikiservice.at/fractal/wiki.cgi?action=browse&id=WikiWikiBelgique/RecentChanges&days=1,200,RecentChanges,fractal,2026-05-26T10:51:00Z,2026-06-22T09:05:32Z,0,41
20260517051847,https://wikiservice.at/fractal/wiki.cgi?action=browse&id=WikiWikiBelgique/RecentChanges&days=1,200,RecentChanges,probier,2026-05-26T15:36:12Z,2026-06-18T20:05:43Z,0,40
20260517052207,https://wikiservice.at/dict/wiki.cgi?action=browse&id=RecentChanges&days=30,200,RecentChanges,dse,2026-05-26T13:13:21Z,2026-06-22T08:20:14Z,0,75
20260517052207,https://wikiservice.at/dict/wiki.cgi?action=browse&id=RecentChanges&days=30,200,RecentChanges,fractal,2026-05-26T10:51:00Z,2026-06-22T09:05:32Z,0,41
20260517052207,https://wikiservice.at/dict/wiki.cgi?action=browse&id=RecentChanges&days=30,200,RecentChanges,probier,2026-05-26T15:36:12Z,2026-06-18T20:05:43Z,0,40
20260517052233,https://wikiservice.at/fractal/wiki.cgi?action=browse&id=EN/P2PVenture/RecentChanges&days=30,200,RecentChanges,dse,2026-05-26T13:13:21Z,2026-06-22T08:20:14Z,0,75
20260517052233,https://wikiservice.at/fractal/wiki.cgi?action=browse&id=EN/P2PVenture/RecentChanges&days=30,200,RecentChanges,fractal,2026-05-26T10:51:00Z,2026-06-22T09:05:32Z,0,41
20260517052233,https://wikiservice.at/fractal/wiki.cgi?action=browse&id=EN/P2PVenture/RecentChanges&days=30,200,RecentChanges,probier,2026-05-26T15:36:12Z,2026-06-18T20:05:43Z,0,40
20260517052453,https://wikiservice.at/fractal/wiki.cgi?action=browse&id=FR/SwissLife/RecentChanges&days=30,200,RecentChanges,dse,2026-05-26T13:13:21Z,2026-06-22T08:20:14Z,0,75
20260517052453,https://wikiservice.at/fractal/wiki.cgi?action=browse&id=FR/SwissLife/RecentChanges&days=30,200,RecentChanges,fractal,2026-05-26T10:51:00Z,2026-06-22T09:05:32Z,0,41
20260517052453,https://wikiservice.at/fractal/wiki.cgi?action=browse&id=FR/SwissLife/RecentChanges&days=30,200,RecentChanges,probier,2026-05-26T15:36:12Z,2026-06-18T20:05:43Z,0,40
20260517052612,https://wikiservice.at/wiki.cgi?StartSeite,200,StartSeite,dse,2026-05-26T11:27:48Z,2026-06-22T19:28:18Z,0,456
20260517052612,https://wikiservice.at/wiki.cgi?StartSeite,200,StartSeite,probier,2026-05-26T14:14:20Z,2026-05-26T14:14:20Z,0,1
20260517052612,https://wikiservice.at/wiki.cgi?StartSeite,200,Startseite,dse,2026-06-20T21:32:10Z,2026-06-20T21:32:10Z,0,1
20260517052638,https://wikiservice.at/dict/wiki.cgi?action=browse&id=RecentChanges,200,RecentChanges,dse,2026-05-26T13:13:21Z,2026-06-22T08:20:14Z,0,75
20260517052638,https://wikiservice.at/dict/wiki.cgi?action=browse&id=RecentChanges,200,RecentChanges,fractal,2026-05-26T10:51:00Z,2026-06-22T09:05:32Z,0,41
20260517052638,https://wikiservice.at/dict/wiki.cgi?action=browse&id=RecentChanges,200,RecentChanges,probier,2026-05-26T15:36:12Z,2026-06-18T20:05:43Z,0,40
20260517052853,https://wikiservice.at/fractal/wiki.cgi?action=browse&id=RecentChanges&lang=2,200,RecentChanges,dse,2026-05-26T13:13:21Z,2026-06-22T08:20:14Z,0,75
20260517052853,https://wikiservice.at/fractal/wiki.cgi?action=browse&id=RecentChanges&lang=2,200,RecentChanges,fractal,2026-05-26T10:51:00Z,2026-06-22T09:05:32Z,0,41
20260517052853,https://wikiservice.at/fractal/wiki.cgi?action=browse&id=RecentChanges&lang=2,200,RecentChanges,probier,2026-05-26T15:36:12Z,2026-06-18T20:05:43Z,0,40
20260517053716,https://wikiservice.at/fractal/wiki.cgi?action=browse&id=EN/BankingVRM/RecentChanges,200,RecentChanges,dse,2026-05-26T13:13:21Z,2026-06-22T08:20:14Z,0,75
20260517053716,https://wikiservice.at/fractal/wiki.cgi?action=browse&id=EN/BankingVRM/RecentChanges,200,RecentChanges,fractal,2026-05-26T10:51:00Z,2026-06-22T09:05:32Z,0,41
20260517053716,https://wikiservice.at/fractal/wiki.cgi?action=browse&id=EN/BankingVRM/RecentChanges,200,RecentChanges,probier,2026-05-26T15:36:12Z,2026-06-18T20:05:43Z,0,40
20260517053902,https://wikiservice.at/fractal/wiki.cgi?action=browse&id=FR/SwissLife/RecentChanges&days=1,200,RecentChanges,dse,2026-05-26T13:13:21Z,2026-06-22T08:20:14Z,0,75
20260517053902,https://wikiservice.at/fractal/wiki.cgi?action=browse&id=FR/SwissLife/RecentChanges&days=1,200,RecentChanges,fractal,2026-05-26T10:51:00Z,2026-06-22T09:05:32Z,0,41
20260517053902,https://wikiservice.at/fractal/wiki.cgi?action=browse&id=FR/SwissLife/RecentChanges&days=1,200,RecentChanges,probier,2026-05-26T15:36:12Z,2026-06-18T20:05:43Z,0,40
20260517054347,https://wikiservice.at/fractal/wiki.cgi?action=browse&id=EN/P2PVenture/RecentChanges&days=3,200,RecentChanges,dse,2026-05-26T13:13:21Z,2026-06-22T08:20:14Z,0,75
20260517054347,https://wikiservice.at/fractal/wiki.cgi?action=browse&id=EN/P2PVenture/RecentChanges&days=3,200,RecentChanges,fractal,2026-05-26T10:51:00Z,2026-06-22T09:05:32Z,0,41
20260517054347,https://wikiservice.at/fractal/wiki.cgi?action=browse&id=EN/P2PVenture/RecentChanges&days=3,200,RecentChanges,probier,2026-05-26T15:36:12Z,2026-06-18T20:05:43Z,0,40
20260517054604,https://wikiservice.at/culios/wiki.cgi?action=browse&id=RecentChanges&lang=1,200,RecentChanges,dse,2026-05-26T13:13:21Z,2026-06-22T08:20:14Z,0,75
20260517054604,https://wikiservice.at/culios/wiki.cgi?action=browse&id=RecentChanges&lang=1,200,RecentChanges,fractal,2026-05-26T10:51:00Z,2026-06-22T09:05:32Z,0,41
20260517054604,https://wikiservice.at/culios/wiki.cgi?action=browse&id=RecentChanges&lang=1,200,RecentChanges,probier,2026-05-26T15:36:12Z,2026-06-18T20:05:43Z,0,40
20260517054649,https://wikiservice.at/culios/wiki.cgi?TestSeite,200,TestSeite,dse,2026-05-26T14:31:27Z,2026-06-22T08:42:22Z,0,238
20260517054735,https://wikiservice.at/fractal/wiki.cgi?action=editprefs&lang=2&oldid=FR/SwissLife/RecentChanges&id=FR/SwissLife/RecentChanges,200,RecentChanges,dse,2026-05-26T13:13:21Z,2026-06-22T08:20:14Z,0,75
20260517054735,https://wikiservice.at/fractal/wiki.cgi?action=editprefs&lang=2&oldid=FR/SwissLife/RecentChanges&id=FR/SwissLife/RecentChanges,200,RecentChanges,fractal,2026-05-26T10:51:00Z,2026-06-22T09:05:32Z,0,41
20260517054735,https://wikiservice.at/fractal/wiki.cgi?action=editprefs&lang=2&oldid=FR/SwissLife/RecentChanges&id=FR/SwissLife/RecentChanges,200,RecentChanges,probier,2026-05-26T15:36:12Z,2026-06-18T20:05:43Z,0,40
20260517055446,https://wikiservice.at/fractal/wiki.cgi?action=browse&id=FR/SwissLife/RecentChanges&from=,200,RecentChanges,dse,2026-05-26T13:13:21Z,2026-06-22T08:20:14Z,0,75
20260517055446,https://wikiservice.at/fractal/wiki.cgi?action=browse&id=FR/SwissLife/RecentChanges&from=,200,RecentChanges,fractal,2026-05-26T10:51:00Z,2026-06-22T09:05:32Z,0,41
20260517055446,https://wikiservice.at/fractal/wiki.cgi?action=browse&id=FR/SwissLife/RecentChanges&from=,200,RecentChanges,probier,2026-05-26T15:36:12Z,2026-06-18T20:05:43Z,0,40
20260517060350,https://wikiservice.at/fractal/wiki.cgi?action=browse&id=EN/P2PVenture/RecentChanges&days=14,200,RecentChanges,dse,2026-05-26T13:13:21Z,2026-06-22T08:20:14Z,0,75
20260517060350,https://wikiservice.at/fractal/wiki.cgi?action=browse&id=EN/P2PVenture/RecentChanges&days=14,200,RecentChanges,fractal,2026-05-26T10:51:00Z,2026-06-22T09:05:32Z,0,41
20260517060350,https://wikiservice.at/fractal/wiki.cgi?action=browse&id=EN/P2PVenture/RecentChanges&days=14,200,RecentChanges,probier,2026-05-26T15:36:12Z,2026-06-18T20:05:43Z,0,40
20260517060817,https://wikiservice.at/fractal/wiki.cgi?action=browse&id=EN/P2PVenture/RecentChanges&days=2,200,RecentChanges,dse,2026-05-26T13:13:21Z,2026-06-22T08:20:14Z,0,75
20260517060817,https://wikiservice.at/fractal/wiki.cgi?action=browse&id=EN/P2PVenture/RecentChanges&days=2,200,RecentChanges,fractal,2026-05-26T10:51:00Z,2026-06-22T09:05:32Z,0,41
20260517060817,https://wikiservice.at/fractal/wiki.cgi?action=browse&id=EN/P2PVenture/RecentChanges&days=2,200,RecentChanges,probier,2026-05-26T15:36:12Z,2026-06-18T20:05:43Z,0,40
20260517061036,https://wikiservice.at/fractal/wiki.cgi?action=browse&id=FR/SwissLife/RecentChanges&days=7,200,RecentChanges,dse,2026-05-26T13:13:21Z,2026-06-22T08:20:14Z,0,75
20260517061036,https://wikiservice.at/fractal/wiki.cgi?action=browse&id=FR/SwissLife/RecentChanges&days=7,200,RecentChanges,fractal,2026-05-26T10:51:00Z,2026-06-22T09:05:32Z,0,41
20260517061036,https://wikiservice.at/fractal/wiki.cgi?action=browse&id=FR/SwissLife/RecentChanges&days=7,200,RecentChanges,probier,2026-05-26T15:36:12Z,2026-06-18T20:05:43Z,0,40
20260517061216,https://wikiservice.at/gruender/wiki.cgi?WorkBench/HwO/SandBox,200,SandBox,dse,2026-05-26T16:45:52Z,2026-06-22T08:38:38Z,0,8
20260517061216,https://wikiservice.at/gruender/wiki.cgi?WorkBench/HwO/SandBox,200,SandBox,fractal,2026-05-26T11:55:49Z,2026-06-22T08:51:08Z,0,3
20260517061216,https://wikiservice.at/gruender/wiki.cgi?WorkBench/HwO/SandBox,200,SandBox,probier,2026-06-09T09:24:03Z,2026-06-22T08:37:25Z,0,21
20260517061734,https://wikiservice.at/dict/wiki.cgi?action=browse&id=RecentChanges&days=14,200,RecentChanges,dse,2026-05-26T13:13:21Z,2026-06-22T08:20:14Z,0,75
20260517061734,https://wikiservice.at/dict/wiki.cgi?action=browse&id=RecentChanges&days=14,200,RecentChanges,fractal,2026-05-26T10:51:00Z,2026-06-22T09:05:32Z,0,41
20260517061734,https://wikiservice.at/dict/wiki.cgi?action=browse&id=RecentChanges&days=14,200,RecentChanges,probier,2026-05-26T15:36:12Z,2026-06-18T20:05:43Z,0,40
20260517061923,https://wikiservice.at/wiki.cgi?WikiWeb,200,WikiWeb,dse,2026-06-22T02:57:53Z,2026-06-22T02:57:53Z,0,1
20260517062133,https://wikiservice.at/dict/wiki.cgi?SandBox,200,SandBox,dse,2026-05-26T16:45:52Z,2026-06-22T08:38:38Z,0,8
20260517062133,https://wikiservice.at/dict/wiki.cgi?SandBox,200,SandBox,fractal,2026-05-26T11:55:49Z,2026-06-22T08:51:08Z,0,3
20260517062133,https://wikiservice.at/dict/wiki.cgi?SandBox,200,SandBox,probier,2026-06-09T09:24:03Z,2026-06-22T08:37:25Z,0,21
20260517062159,https://wikiservice.at/dict/wiki.cgi?action=editprefs&oldid=RecentChanges&id=RecentChanges,200,RecentChanges,dse,2026-05-26T13:13:21Z,2026-06-22T08:20:14Z,0,75
20260517062159,https://wikiservice.at/dict/wiki.cgi?action=editprefs&oldid=RecentChanges&id=RecentChanges,200,RecentChanges,fractal,2026-05-26T10:51:00Z,2026-06-22T09:05:32Z,0,41
20260517062159,https://wikiservice.at/dict/wiki.cgi?action=editprefs&oldid=RecentChanges&id=RecentChanges,200,RecentChanges,probier,2026-05-26T15:36:12Z,2026-06-18T20:05:43Z,0,40
20260517062252,https://wikiservice.at/fractal/wiki.cgi?action=browse&id=WikiWikiBelgique/RecentChanges&from=,200,RecentChanges,dse,2026-05-26T13:13:21Z,2026-06-22T08:20:14Z,0,75
20260517062252,https://wikiservice.at/fractal/wiki.cgi?action=browse&id=WikiWikiBelgique/RecentChanges&from=,200,RecentChanges,fractal,2026-05-26T10:51:00Z,2026-06-22T09:05:32Z,0,41
20260517062252,https://wikiservice.at/fractal/wiki.cgi?action=browse&id=WikiWikiBelgique/RecentChanges&from=,200,RecentChanges,probier,2026-05-26T15:36:12Z,2026-06-18T20:05:43Z,0,40
20260517062953,https://wikiservice.at/demo/wiki.cgi?TestSeite,200,TestSeite,dse,2026-05-26T14:31:27Z,2026-06-22T08:42:22Z,0,238
20260517063227,https://wikiservice.at/fractal/wiki.cgi?action=browse&id=FR/SwissLife/RecentChanges&lang=2,200,RecentChanges,dse,2026-05-26T13:13:21Z,2026-06-22T08:20:14Z,0,75
20260517063227,https://wikiservice.at/fractal/wiki.cgi?action=browse&id=FR/SwissLife/RecentChanges&lang=2,200,RecentChanges,fractal,2026-05-26T10:51:00Z,2026-06-22T09:05:32Z,0,41
20260517063227,https://wikiservice.at/fractal/wiki.cgi?action=browse&id=FR/SwissLife/RecentChanges&lang=2,200,RecentChanges,probier,2026-05-26T15:36:12Z,2026-06-18T20:05:43Z,0,40
20260517063314,https://wikiservice.at/fractal/wiki.cgi?action=browse&id=GlossaireTechnique/RecentChanges&lang=2,200,RecentChanges,dse,2026-05-26T13:13:21Z,2026-06-22T08:20:14Z,0,75
20260517063314,https://wikiservice.at/fractal/wiki.cgi?action=browse&id=GlossaireTechnique/RecentChanges&lang=2,200,RecentChanges,fractal,2026-05-26T10:51:00Z,2026-06-22T09:05:32Z,0,41
20260517063314,https://wikiservice.at/fractal/wiki.cgi?action=browse&id=GlossaireTechnique/RecentChanges&lang=2,200,RecentChanges,probier,2026-05-26T15:36:12Z,2026-06-18T20:05:43Z,0,40
20260517063433,https://wikiservice.at/fractal/wiki.cgi?action=browse&id=WikiWikiBelgique/RecentChanges&days=7,200,RecentChanges,dse,2026-05-26T13:13:21Z,2026-06-22T08:20:14Z,0,75
20260517063433,https://wikiservice.at/fractal/wiki.cgi?action=browse&id=WikiWikiBelgique/RecentChanges&days=7,200,RecentChanges,fractal,2026-05-26T10:51:00Z,2026-06-22T09:05:32Z,0,41
20260517063433,https://wikiservice.at/fractal/wiki.cgi?action=browse&id=WikiWikiBelgique/RecentChanges&days=7,200,RecentChanges,probier,2026-05-26T15:36:12Z,2026-06-18T20:05:43Z,0,40
20260517114536,https://wikiservice.at/fractal/wiki.cgi?action=browse&id=FR/SiliconValois/RecentChanges&days=30,200,RecentChanges,dse,2026-05-26T13:13:21Z,2026-06-22T08:20:14Z,0,75
20260517114536,https://wikiservice.at/fractal/wiki.cgi?action=browse&id=FR/SiliconValois/RecentChanges&days=30,200,RecentChanges,fractal,2026-05-26T10:51:00Z,2026-06-22T09:05:32Z,0,41
20260517114536,https://wikiservice.at/fractal/wiki.cgi?action=browse&id=FR/SiliconValois/RecentChanges&days=30,200,RecentChanges,probier,2026-05-26T15:36:12Z,2026-06-18T20:05:43Z,0,40
20260517115151,https://wikiservice.at/fractal/wiki.cgi?action=edit&id=FR/AyLuMax/Context&section=9,200,Context,probier,2026-05-26T14:06:45Z,2026-05-26T14:06:45Z,0,1
20260517115546,https://wikiservice.at/fractal/wiki.cgi?action=browse&id=FR/NouvellesD%E9marchesCoop%E9ratives/RecentChanges&days=7,200,RecentChanges,dse,2026-05-26T13:13:21Z,2026-06-22T08:20:14Z,0,75
20260517115546,https://wikiservice.at/fractal/wiki.cgi?action=browse&id=FR/NouvellesD%E9marchesCoop%E9ratives/RecentChanges&days=7,200,RecentChanges,fractal,2026-05-26T10:51:00Z,2026-06-22T09:05:32Z,0,41
20260517115546,https://wikiservice.at/fractal/wiki.cgi?action=browse&id=FR/NouvellesD%E9marchesCoop%E9ratives/RecentChanges&days=7,200,RecentChanges,probier,2026-05-26T15:36:12Z,2026-06-18T20:05:43Z,0,40
20260517115813,https://wikiservice.at/support/wiki.cgi?Redaktion/Context,200,Context,probier,2026-05-26T14:06:45Z,2026-05-26T14:06:45Z,0,1
20260517121706,https://wikiservice.at/prowiki/wiki.cgi?action=edit&id=Admin/TemplateTest/Context&section=4,200,Context,probier,2026-05-26T14:06:45Z,2026-05-26T14:06:45Z,0,1
20260517122357,https://wikiservice.at/support/wiki.cgi?action=edit&id=TestSeite&section=11,200,TestSeite,dse,2026-05-26T14:31:27Z,2026-06-22T08:42:22Z,0,238
20260517122542,https://wikiservice.at/fractal/wiki.cgi?action=browse&id=WikiWikiBelgique/RetoScope/RecentChanges&lang=2,200,RecentChanges,dse,2026-05-26T13:13:21Z,2026-06-22T08:20:14Z,0,75
20260517122542,https://wikiservice.at/fractal/wiki.cgi?action=browse&id=WikiWikiBelgique/RetoScope/RecentChanges&lang=2,200,RecentChanges,fractal,2026-05-26T10:51:00Z,2026-06-22T09:05:32Z,0,41
20260517122542,https://wikiservice.at/fractal/wiki.cgi?action=browse&id=WikiWikiBelgique/RetoScope/RecentChanges&lang=2,200,RecentChanges,probier,2026-05-26T15:36:12Z,2026-06-18T20:05:43Z,0,40
20260517123949,https://wikiservice.at/fractal/wiki.cgi?FR/PinkoMarketing/SafariPhoto/RecentChanges,200,RecentChanges,dse,2026-05-26T13:13:21Z,2026-06-22T08:20:14Z,0,75
20260517123949,https://wikiservice.at/fractal/wiki.cgi?FR/PinkoMarketing/SafariPhoto/RecentChanges,200,RecentChanges,fractal,2026-05-26T10:51:00Z,2026-06-22T09:05:32Z,0,41
20260517123949,https://wikiservice.at/fractal/wiki.cgi?FR/PinkoMarketing/SafariPhoto/RecentChanges,200,RecentChanges,probier,2026-05-26T15:36:12Z,2026-06-18T20:05:43Z,0,40
20260518055856,https://www.wikiservice.at/prowiki/wiki.cgi?action=edit&id=Context&section=4,200,Context,probier,2026-05-26T14:06:45Z,2026-05-26T14:06:45Z,0,1
20260518060233,https://www.wikiservice.at/prowiki/wiki.cgi?action=edit&id=Context&section=8,200,Context,probier,2026-05-26T14:06:45Z,2026-05-26T14:06:45Z,0,1
20260518061818,https://www.wikiservice.at/prowiki/wiki.cgi?action=edit&id=Context&section=1,200,Context,probier,2026-05-26T14:06:45Z,2026-05-26T14:06:45Z,0,1
20260518062117,https://www.wikiservice.at/fractal/wiki.cgi?action=browse&id=FR/RecentChanges&lang=2,200,RecentChanges,dse,2026-05-26T13:13:21Z,2026-06-22T08:20:14Z,0,75
20260518062117,https://www.wikiservice.at/fractal/wiki.cgi?action=browse&id=FR/RecentChanges&lang=2,200,RecentChanges,fractal,2026-05-26T10:51:00Z,2026-06-22T09:05:32Z,0,41
20260518062117,https://www.wikiservice.at/fractal/wiki.cgi?action=browse&id=FR/RecentChanges&lang=2,200,RecentChanges,probier,2026-05-26T15:36:12Z,2026-06-18T20:05:43Z,0,40
20260518062206,https://www.wikiservice.at/prowiki/wiki.cgi?action=edit&id=Context&section=5,200,Context,probier,2026-05-26T14:06:45Z,2026-05-26T14:06:45Z,0,1
20260518062719,https://www.wikiservice.at/prowiki/wiki.cgi?action=edit&id=Context&section=9,200,Context,probier,2026-05-26T14:06:45Z,2026-05-26T14:06:45Z,0,1
20260518064541,https://www.wikiservice.at/prowiki/wiki.cgi?action=edit&id=Context&section=10,200,Context,probier,2026-05-26T14:06:45Z,2026-05-26T14:06:45Z,0,1
20260518064609,https://www.wikiservice.at/prowiki/wiki.cgi?action=editprefs&oldid=Context&id=Context,200,Context,probier,2026-05-26T14:06:45Z,2026-05-26T14:06:45Z,0,1
20260518064637,https://www.wikiservice.at/prowiki/wiki.cgi?action=edit&id=Context&section=11,200,Context,probier,2026-05-26T14:06:45Z,2026-05-26T14:06:45Z,0,1
20260518064706,https://www.wikiservice.at/prowiki/wiki.cgi?action=edit&id=Context&section=12,200,Context,probier,2026-05-26T14:06:45Z,2026-05-26T14:06:45Z,0,1
20260518064821,https://www.wikiservice.at/prowiki/wiki.cgi?action=edit&id=Context&section=2,200,Context,probier,2026-05-26T14:06:45Z,2026-05-26T14:06:45Z,0,1
20260518065253,https://www.wikiservice.at/prowiki/wiki.cgi?action=edit&id=Context&section=6,200,Context,probier,2026-05-26T14:06:45Z,2026-05-26T14:06:45Z,0,1
20260518070011,https://www.wikiservice.at/esf/wiki.cgi?StartSeite,200,StartSeite,dse,2026-05-26T11:27:48Z,2026-06-22T19:28:18Z,0,456
20260518070011,https://www.wikiservice.at/esf/wiki.cgi?StartSeite,200,StartSeite,probier,2026-05-26T14:14:20Z,2026-05-26T14:14:20Z,0,1
20260518070011,https://www.wikiservice.at/esf/wiki.cgi?StartSeite,200,Startseite,dse,2026-06-20T21:32:10Z,2026-06-20T21:32:10Z,0,1
20260518071000,https://www.wikiservice.at/prowiki/wiki.cgi?action=edit&id=Context&section=3,200,Context,probier,2026-05-26T14:06:45Z,2026-05-26T14:06:45Z,0,1
20260518071046,https://www.wikiservice.at/wikiservice/wiki.cgi?StartSeite,200,StartSeite,dse,2026-05-26T11:27:48Z,2026-06-22T19:28:18Z,0,456
20260518071046,https://www.wikiservice.at/wikiservice/wiki.cgi?StartSeite,200,StartSeite,probier,2026-05-26T14:14:20Z,2026-05-26T14:14:20Z,0,1
20260518071046,https://www.wikiservice.at/wikiservice/wiki.cgi?StartSeite,200,Startseite,dse,2026-06-20T21:32:10Z,2026-06-20T21:32:10Z,0,1
20260518071139,https://www.wikiservice.at/prowiki/wiki.cgi?action=edit&id=Context&section=7,200,Context,probier,2026-05-26T14:06:45Z,2026-05-26T14:06:45Z,0,1
20260518145039,https://wikiservice.at/prowiki/wiki.cgi?BugReports/Context,200,Context,probier,2026-05-26T14:06:45Z,2026-05-26T14:06:45Z,0,1
20260518150332,https://wikiservice.at/support/wiki.cgi?action=browse&id=TestSeite/TestSeite/TestSeite/UrSprung2/Context,200,Context,probier,2026-05-26T14:06:45Z,2026-05-26T14:06:45Z,0,1
20260518151647,https://wikiservice.at/support/wiki.cgi?SeiteMitLeseUndSchreibschutz/Context,200,Context,probier,2026-05-26T14:06:45Z,2026-05-26T14:06:45Z,0,1
20260518152103,https://wikiservice.at/fractal/wiki.cgi?EN/P2PVenture/Context,200,Context,probier,2026-05-26T14:06:45Z,2026-05-26T14:06:45Z,0,1
20260518154607,https://wikiservice.at/fractal/wiki.cgi?FR/TitrePageChang%E9/PasDeTitre/Context,200,Context,probier,2026-05-26T14:06:45Z,2026-05-26T14:06:45Z,0,1
20260518155022,https://wikiservice.at/prowiki/wiki.cgi?action=browse&id=RecentChanges&days=2,200,RecentChanges,dse,2026-05-26T13:13:21Z,2026-06-22T08:20:14Z,0,75
20260518155022,https://wikiservice.at/prowiki/wiki.cgi?action=browse&id=RecentChanges&days=2,200,RecentChanges,fractal,2026-05-26T10:51:00Z,2026-06-22T09:05:32Z,0,41
20260518155022,https://wikiservice.at/prowiki/wiki.cgi?action=browse&id=RecentChanges&days=2,200,RecentChanges,probier,2026-05-26T15:36:12Z,2026-06-18T20:05:43Z,0,40
20260518155118,https://wikiservice.at/fractal/wiki.cgi?action=browse&id=FR/PierreBernard/RecentChanges&days=30,200,RecentChanges,dse,2026-05-26T13:13:21Z,2026-06-22T08:20:14Z,0,75
20260518155118,https://wikiservice.at/fractal/wiki.cgi?action=browse&id=FR/PierreBernard/RecentChanges&days=30,200,RecentChanges,fractal,2026-05-26T10:51:00Z,2026-06-22T09:05:32Z,0,41
20260518155118,https://wikiservice.at/fractal/wiki.cgi?action=browse&id=FR/PierreBernard/RecentChanges&days=30,200,RecentChanges,probier,2026-05-26T15:36:12Z,2026-06-18T20:05:43Z,0,40
20260518155848,https://wikiservice.at/fractal/wiki.cgi?action=edit&id=FR/Tontine/Context&section=6,200,Context,probier,2026-05-26T14:06:45Z,2026-05-26T14:06:45Z,0,1
20260518160210,https://wikiservice.at/fractal/wiki.cgi?action=browse&id=WikiWikiBelgique/RecentChanges&lang=2,200,RecentChanges,dse,2026-05-26T13:13:21Z,2026-06-22T08:20:14Z,0,75
20260518160210,https://wikiservice.at/fractal/wiki.cgi?action=browse&id=WikiWikiBelgique/RecentChanges&lang=2,200,RecentChanges,fractal,2026-05-26T10:51:00Z,2026-06-22T09:05:32Z,0,41
20260518160210,https://wikiservice.at/fractal/wiki.cgi?action=browse&id=WikiWikiBelgique/RecentChanges&lang=2,200,RecentChanges,probier,2026-05-26T15:36:12Z,2026-06-18T20:05:43Z,0,40
20260518160532,https://wikiservice.at/support/wiki.cgi?action=edit&id=TestSeite&section=12,200,TestSeite,dse,2026-05-26T14:31:27Z,2026-06-22T08:42:22Z,0,238
20260518161005,https://wikiservice.at/prowiki/wiki.cgi?ChangedPageTitle/NoTitle/Context,200,Context,probier,2026-05-26T14:06:45Z,2026-05-26T14:06:45Z,0,1
20260518161418,https://wikiservice.at/fractal/wiki.cgi?action=browse&id=FR/Agr%E9gateurFractal/RecentChanges&days=30,200,RecentChanges,dse,2026-05-26T13:13:21Z,2026-06-22T08:20:14Z,0,75
20260518161418,https://wikiservice.at/fractal/wiki.cgi?action=browse&id=FR/Agr%E9gateurFractal/RecentChanges&days=30,200,RecentChanges,fractal,2026-05-26T10:51:00Z,2026-06-22T09:05:32Z,0,41
20260518161418,https://wikiservice.at/fractal/wiki.cgi?action=browse&id=FR/Agr%E9gateurFractal/RecentChanges&days=30,200,RecentChanges,probier,2026-05-26T15:36:12Z,2026-06-18T20:05:43Z,0,40
20260518212533,https://www.wikiservice.at/gruender/wiki.cgi?StartSeite,200,StartSeite,dse,2026-05-26T11:27:48Z,2026-06-22T19:28:18Z,0,456
20260518212533,https://www.wikiservice.at/gruender/wiki.cgi?StartSeite,200,StartSeite,probier,2026-05-26T14:14:20Z,2026-05-26T14:14:20Z,0,1
20260518212533,https://www.wikiservice.at/gruender/wiki.cgi?StartSeite,200,Startseite,dse,2026-06-20T21:32:10Z,2026-06-20T21:32:10Z,0,1
20260518212558,https://wikiservice.at/fractal/wiki.cgi?action=edit&id=EN/BarCampBank/Context&section=11,200,Context,probier,2026-05-26T14:06:45Z,2026-05-26T14:06:45Z,0,1
20260518212854,https://wikiservice.at/fractal/wiki.cgi?action=browse&id=Wikis/PeriPeriClone/RecentChanges&days=1,200,RecentChanges,dse,2026-05-26T13:13:21Z,2026-06-22T08:20:14Z,0,75
20260518212854,https://wikiservice.at/fractal/wiki.cgi?action=browse&id=Wikis/PeriPeriClone/RecentChanges&days=1,200,RecentChanges,fractal,2026-05-26T10:51:00Z,2026-06-22T09:05:32Z,0,41
20260518212854,https://wikiservice.at/fractal/wiki.cgi?action=browse&id=Wikis/PeriPeriClone/RecentChanges&days=1,200,RecentChanges,probier,2026-05-26T15:36:12Z,2026-06-18T20:05:43Z,0,40
20260518213234,https://wikiservice.at/prowiki/wiki.cgi?action=editprefs&oldid=WhiteSpaceMeansWhiteSpace/Context&id=WhiteSpaceMeansWhiteSpace/Context,200,Context,probier,2026-05-26T14:06:45Z,2026-05-26T14:06:45Z,0,1
20260518213606,https://wikiservice.at/fractal/wiki.cgi?action=edit&id=FR/Tontine/Context&section=18,200,Context,probier,2026-05-26T14:06:45Z,2026-05-26T14:06:45Z,0,1
20260518214131,https://wikiservice.at/fractal/wiki.cgi?action=browse&id=LaurentLunati/RecentChanges&days=7,200,RecentChanges,dse,2026-05-26T13:13:21Z,2026-06-22T08:20:14Z,0,75
20260518214131,https://wikiservice.at/fractal/wiki.cgi?action=browse&id=LaurentLunati/RecentChanges&days=7,200,RecentChanges,fractal,2026-05-26T10:51:00Z,2026-06-22T09:05:32Z,0,41
20260518214131,https://wikiservice.at/fractal/wiki.cgi?action=browse&id=LaurentLunati/RecentChanges&days=7,200,RecentChanges,probier,2026-05-26T15:36:12Z,2026-06-18T20:05:43Z,0,40
20260518214858,https://wikiservice.at/probier/wiki.cgi?action=browse&id=RecentChanges&from=,200,RecentChanges,dse,2026-05-26T13:13:21Z,2026-06-22T08:20:14Z,0,75
20260518214858,https://wikiservice.at/probier/wiki.cgi?action=browse&id=RecentChanges&from=,200,RecentChanges,fractal,2026-05-26T10:51:00Z,2026-06-22T09:05:32Z,0,41
20260518214858,https://wikiservice.at/probier/wiki.cgi?action=browse&id=RecentChanges&from=,200,RecentChanges,probier,2026-05-26T15:36:12Z,2026-06-18T20:05:43Z,0,40
20260518215513,https://wikiservice.at/gruender/wiki.cgi?action=browse&id=RecentChanges&days=3,200,RecentChanges,dse,2026-05-26T13:13:21Z,2026-06-22T08:20:14Z,0,75
20260518215513,https://wikiservice.at/gruender/wiki.cgi?action=browse&id=RecentChanges&days=3,200,RecentChanges,fractal,2026-05-26T10:51:00Z,2026-06-22T09:05:32Z,0,41
20260518215513,https://wikiservice.at/gruender/wiki.cgi?action=browse&id=RecentChanges&days=3,200,RecentChanges,probier,2026-05-26T15:36:12Z,2026-06-18T20:05:43Z,0,40
20260518215706,https://wikiservice.at/support/wiki.cgi?action=edit&id=TestSeite&section=31,200,TestSeite,dse,2026-05-26T14:31:27Z,2026-06-22T08:42:22Z,0,238
20260518221329,https://wikiservice.at/fractal/wiki.cgi?FR/PaysagisteNum%E9rique/RecentChanges,200,RecentChanges,dse,2026-05-26T13:13:21Z,2026-06-22T08:20:14Z,0,75
20260518221329,https://wikiservice.at/fractal/wiki.cgi?FR/PaysagisteNum%E9rique/RecentChanges,200,RecentChanges,fractal,2026-05-26T10:51:00Z,2026-06-22T09:05:32Z,0,41
20260518221329,https://wikiservice.at/fractal/wiki.cgi?FR/PaysagisteNum%E9rique/RecentChanges,200,RecentChanges,probier,2026-05-26T15:36:12Z,2026-06-18T20:05:43Z,0,40
20260518222205,https://wikiservice.at/fractal/wiki.cgi?action=edit&id=FR/AyLuMax/Context&section=15,200,Context,probier,2026-05-26T14:06:45Z,2026-05-26T14:06:45Z,0,1
20260519030631,https://wikiservice.at/fractal/wiki.cgi?action=edit&id=FR/MaVieSansBug/Context&section=10,200,Context,probier,2026-05-26T14:06:45Z,2026-05-26T14:06:45Z,0,1
20260519031420,https://www.wikiservice.at/gruender/wiki.cgi?action=editprefs&lang=1&oldid=StartSeite&id=StartSeite,200,StartSeite,dse,2026-05-26T11:27:48Z,2026-06-22T19:28:18Z,0,456
20260519031420,https://www.wikiservice.at/gruender/wiki.cgi?action=editprefs&lang=1&oldid=StartSeite&id=StartSeite,200,StartSeite,probier,2026-05-26T14:14:20Z,2026-05-26T14:14:20Z,0,1
20260519031420,https://www.wikiservice.at/gruender/wiki.cgi?action=editprefs&lang=1&oldid=StartSeite&id=StartSeite,200,Startseite,dse,2026-06-20T21:32:10Z,2026-06-20T21:32:10Z,0,1
20260519032243,https://wikiservice.at/fractal/wiki.cgi?action=browse&id=FR/BarCamp/RecentChanges&from=,200,RecentChanges,dse,2026-05-26T13:13:21Z,2026-06-22T08:20:14Z,0,75
20260519032243,https://wikiservice.at/fractal/wiki.cgi?action=browse&id=FR/BarCamp/RecentChanges&from=,200,RecentChanges,fractal,2026-05-26T10:51:00Z,2026-06-22T09:05:32Z,0,41
20260519032243,https://wikiservice.at/fractal/wiki.cgi?action=browse&id=FR/BarCamp/RecentChanges&from=,200,RecentChanges,probier,2026-05-26T15:36:12Z,2026-06-18T20:05:43Z,0,40
20260519034212,https://wikiservice.at/fractal/wiki.cgi?action=browse&id=WikiWikiBelgique/RetoScope/RecentChanges&days=2,200,RecentChanges,dse,2026-05-26T13:13:21Z,2026-06-22T08:20:14Z,0,75
20260519034212,https://wikiservice.at/fractal/wiki.cgi?action=browse&id=WikiWikiBelgique/RetoScope/RecentChanges&days=2,200,RecentChanges,fractal,2026-05-26T10:51:00Z,2026-06-22T09:05:32Z,0,41
20260519034212,https://wikiservice.at/fractal/wiki.cgi?action=browse&id=WikiWikiBelgique/RetoScope/RecentChanges&days=2,200,RecentChanges,probier,2026-05-26T15:36:12Z,2026-06-18T20:05:43Z,0,40
20260519034515,https://wikiservice.at/fractal/wiki.cgi?action=editprefs&lang=2&oldid=ChristopheDucamp/HtmlTest/Context&id=ChristopheDucamp/HtmlTest/Context,200,Context,probier,2026-05-26T14:06:45Z,2026-05-26T14:06:45Z,0,1
20260519034723,https://www.wikiservice.at/dse/wiki.cgi?TestSeite,200,TestSeite,dse,2026-05-26T14:31:27Z,2026-06-22T08:42:22Z,0,238
20260519040324,https://wikiservice.at/fractal/wiki.cgi?action=browse&id=RecentChanges&lang=1,200,RecentChanges,dse,2026-05-26T13:13:21Z,2026-06-22T08:20:14Z,0,75
20260519040324,https://wikiservice.at/fractal/wiki.cgi?action=browse&id=RecentChanges&lang=1,200,RecentChanges,fractal,2026-05-26T10:51:00Z,2026-06-22T09:05:32Z,0,41
20260519040324,https://wikiservice.at/fractal/wiki.cgi?action=browse&id=RecentChanges&lang=1,200,RecentChanges,probier,2026-05-26T15:36:12Z,2026-06-18T20:05:43Z,0,40
20260519040351,https://wikiservice.at/fractal/wiki.cgi?action=editprefs&lang=2&oldid=FR/MicroFormats/ChristopheDucamp/Context&id=FR/MicroFormats/ChristopheDucamp/Context,200,Context,probier,2026-05-26T14:06:45Z,2026-05-26T14:06:45Z,0,1
20260519040550,https://wikiservice.at/fractal/wiki.cgi?action=browse&id=FR/ConstruireDesBlocs/RecentChanges&lang=2,200,RecentChanges,dse,2026-05-26T13:13:21Z,2026-06-22T08:20:14Z,0,75
20260519040550,https://wikiservice.at/fractal/wiki.cgi?action=browse&id=FR/ConstruireDesBlocs/RecentChanges&lang=2,200,RecentChanges,fractal,2026-05-26T10:51:00Z,2026-06-22T09:05:32Z,0,41
20260519040550,https://wikiservice.at/fractal/wiki.cgi?action=browse&id=FR/ConstruireDesBlocs/RecentChanges&lang=2,200,RecentChanges,probier,2026-05-26T15:36:12Z,2026-06-18T20:05:43Z,0,40
20260519041104,https://wikiservice.at/fractal/wiki.cgi?action=edit&id=EN/BarCampBank/Context&section=18,200,Context,probier,2026-05-26T14:06:45Z,2026-05-26T14:06:45Z,0,1
20260519041315,https://wikiservice.at/fractal/wiki.cgi?FR/BarCamp/Context,200,Context,probier,2026-05-26T14:06:45Z,2026-05-26T14:06:45Z,0,1
20260519041407,https://wikiservice.at/fractal/wiki.cgi?action=browse&id=FR/PinkoMarketing/SafariPhoto/RecentChanges&days=14,200,RecentChanges,dse,2026-05-26T13:13:21Z,2026-06-22T08:20:14Z,0,75
20260519041407,https://wikiservice.at/fractal/wiki.cgi?action=browse&id=FR/PinkoMarketing/SafariPhoto/RecentChanges&days=14,200,RecentChanges,fractal,2026-05-26T10:51:00Z,2026-06-22T09:05:32Z,0,41
20260519041407,https://wikiservice.at/fractal/wiki.cgi?action=browse&id=FR/PinkoMarketing/SafariPhoto/RecentChanges&days=14,200,RecentChanges,probier,2026-05-26T15:36:12Z,2026-06-18T20:05:43Z,0,40
20260519041828,https://wikiservice.at/fractal/wiki.cgi?FR/Option/VidaAutoIntro/Context,200,Context,probier,2026-05-26T14:06:45Z,2026-05-26T14:06:45Z,0,1
20260519042043,https://wikiservice.at/fractal/wiki.cgi?action=browse&id=FR/PinkoMarketing/SafariPhoto/RecentChanges&lang=2,200,RecentChanges,dse,2026-05-26T13:13:21Z,2026-06-22T08:20:14Z,0,75
20260519042043,https://wikiservice.at/fractal/wiki.cgi?action=browse&id=FR/PinkoMarketing/SafariPhoto/RecentChanges&lang=2,200,RecentChanges,fractal,2026-05-26T10:51:00Z,2026-06-22T09:05:32Z,0,41
20260519042043,https://wikiservice.at/fractal/wiki.cgi?action=browse&id=FR/PinkoMarketing/SafariPhoto/RecentChanges&lang=2,200,RecentChanges,probier,2026-05-26T15:36:12Z,2026-06-18T20:05:43Z,0,40
20260519042140,https://wikiservice.at/fractal/wiki.cgi?action=edit&id=FR/TwitterFanClub/Context&section=16,200,Context,probier,2026-05-26T14:06:45Z,2026-05-26T14:06:45Z,0,1
20260519042510,https://wikiservice.at/dse/wiki.cgi?action=edit&id=TestSeite&section=1,200,TestSeite,dse,2026-05-26T14:31:27Z,2026-06-22T08:42:22Z,0,238
20260519153348,https://wikiservice.at/fractal/wiki.cgi?action=browse&id=FR/TwitterFanClub/RecentChanges&lang=2,200,RecentChanges,dse,2026-05-26T13:13:21Z,2026-06-22T08:20:14Z,0,75
20260519153348,https://wikiservice.at/fractal/wiki.cgi?action=browse&id=FR/TwitterFanClub/RecentChanges&lang=2,200,RecentChanges,fractal,2026-05-26T10:51:00Z,2026-06-22T09:05:32Z,0,41
20260519153348,https://wikiservice.at/fractal/wiki.cgi?action=browse&id=FR/TwitterFanClub/RecentChanges&lang=2,200,RecentChanges,probier,2026-05-26T15:36:12Z,2026-06-18T20:05:43Z,0,40
20260519153715,https://wikiservice.at/gruender/wiki.cgi?WorkBench/HwO/SandBox,200,SandBox,dse,2026-05-26T16:45:52Z,2026-06-22T08:38:38Z,0,8
20260519153715,https://wikiservice.at/gruender/wiki.cgi?WorkBench/HwO/SandBox,200,SandBox,fractal,2026-05-26T11:55:49Z,2026-06-22T08:51:08Z,0,3
20260519153715,https://wikiservice.at/gruender/wiki.cgi?WorkBench/HwO/SandBox,200,SandBox,probier,2026-06-09T09:24:03Z,2026-06-22T08:37:25Z,0,21
20260519155459,https://wikiservice.at/fractal/wiki.cgi?DossierDossiers/DossierToRefactor/Context,200,Context,probier,2026-05-26T14:06:45Z,2026-05-26T14:06:45Z,0,1
20260519161328,https://wikiservice.at/culios/wiki.cgi?action=editprefs&lang=1&oldid=TestSeite&id=TestSeite,200,TestSeite,dse,2026-05-26T14:31:27Z,2026-06-22T08:42:22Z,0,238
20260519161849,https://wikiservice.at/fractal/wiki.cgi?action=edit&id=FR/ClaimID/Context&section=1,200,Context,probier,2026-05-26T14:06:45Z,2026-05-26T14:06:45Z,0,1
20260519162500,https://wikiservice.at/fractal/wiki.cgi?FR/SouspagesAutomatiques/Context,200,Context,probier,2026-05-26T14:06:45Z,2026-05-26T14:06:45Z,0,1
20260519162822,https://wikiservice.at/fractal/wiki.cgi?EN/SandWiki/Context,200,Context,probier,2026-05-26T14:06:45Z,2026-05-26T14:06:45Z,0,1
20260519163107,https://wikiservice.at/fractal/wiki.cgi?action=browse&id=EN/RecentChanges&days=14,200,RecentChanges,dse,2026-05-26T13:13:21Z,2026-06-22T08:20:14Z,0,75
20260519163107,https://wikiservice.at/fractal/wiki.cgi?action=browse&id=EN/RecentChanges&days=14,200,RecentChanges,fractal,2026-05-26T10:51:00Z,2026-06-22T09:05:32Z,0,41
20260519163107,https://wikiservice.at/fractal/wiki.cgi?action=browse&id=EN/RecentChanges&days=14,200,RecentChanges,probier,2026-05-26T15:36:12Z,2026-06-18T20:05:43Z,0,40
20260519163512,https://wikiservice.at/fractal/wiki.cgi?action=browse&id=FR/CityDeskEtDesignStandards/RecentChanges&days=7,200,RecentChanges,dse,2026-05-26T13:13:21Z,2026-06-22T08:20:14Z,0,75
20260519163512,https://wikiservice.at/fractal/wiki.cgi?action=browse&id=FR/CityDeskEtDesignStandards/RecentChanges&days=7,200,RecentChanges,fractal,2026-05-26T10:51:00Z,2026-06-22T09:05:32Z,0,41
20260519163512,https://wikiservice.at/fractal/wiki.cgi?action=browse&id=FR/CityDeskEtDesignStandards/RecentChanges&days=7,200,RecentChanges,probier,2026-05-26T15:36:12Z,2026-06-18T20:05:43Z,0,40
20260519164553,https://wikiservice.at/fractal/wiki.cgi?action=edit&id=ChristopheDucamp/Context&section=5,200,Context,probier,2026-05-26T14:06:45Z,2026-05-26T14:06:45Z,0,1
20260519164625,https://wikiservice.at/fractal/wiki.cgi?action=browse&id=FR/PinkoMarketing/SafariPhoto/RecentChanges&days=3,200,RecentChanges,dse,2026-05-26T13:13:21Z,2026-06-22T08:20:14Z,0,75
20260519164625,https://wikiservice.at/fractal/wiki.cgi?action=browse&id=FR/PinkoMarketing/SafariPhoto/RecentChanges&days=3,200,RecentChanges,fractal,2026-05-26T10:51:00Z,2026-06-22T09:05:32Z,0,41
20260519164625,https://wikiservice.at/fractal/wiki.cgi?action=browse&id=FR/PinkoMarketing/SafariPhoto/RecentChanges&days=3,200,RecentChanges,probier,2026-05-26T15:36:12Z,2026-06-18T20:05:43Z,0,40
20260519164653,https://wikiservice.at/fractal/wiki.cgi?action=edit&id=FR/Context&section=8,200,Context,probier,2026-05-26T14:06:45Z,2026-05-26T14:06:45Z,0,1
20260520161153,https://www.wikiservice.at/buecher/wiki.cgi?RecentChanges,200,RecentChanges,dse,2026-05-26T13:13:21Z,2026-06-22T08:20:14Z,0,75
20260520161153,https://www.wikiservice.at/buecher/wiki.cgi?RecentChanges,200,RecentChanges,fractal,2026-05-26T10:51:00Z,2026-06-22T09:05:32Z,0,41
20260520161153,https://www.wikiservice.at/buecher/wiki.cgi?RecentChanges,200,RecentChanges,probier,2026-05-26T15:36:12Z,2026-06-18T20:05:43Z,0,40
20260520161757,https://www.wikiservice.at/dse/wiki.cgi?action=editprefs&lang=1&oldid=WikiWeb&id=WikiWeb,200,WikiWeb,dse,2026-06-22T02:57:53Z,2026-06-22T02:57:53Z,0,1
20260520163647,https://wikiservice.at/fractal/wiki.cgi?action=browse&id=FR/TwitterFanClub/RecentChanges&days=1,200,RecentChanges,dse,2026-05-26T13:13:21Z,2026-06-22T08:20:14Z,0,75
20260520163647,https://wikiservice.at/fractal/wiki.cgi?action=browse&id=FR/TwitterFanClub/RecentChanges&days=1,200,RecentChanges,fractal,2026-05-26T10:51:00Z,2026-06-22T09:05:32Z,0,41
20260520163647,https://wikiservice.at/fractal/wiki.cgi?action=browse&id=FR/TwitterFanClub/RecentChanges&days=1,200,RecentChanges,probier,2026-05-26T15:36:12Z,2026-06-18T20:05:43Z,0,40
20260520163738,https://wikiservice.at/support/wiki.cgi?action=editprefs&lang=1&oldid=TestSeite/TestSeite/TestSeite/UrSprung/TestSeite&id=TestSeite/TestSeite/TestSeite/UrSprung/TestSeite,200,TestSeite,dse,2026-05-26T14:31:27Z,2026-06-22T08:42:22Z,0,238
20260520165232,https://wikiservice.at/fractal/wiki.cgi?action=browse&id=FR/RecentChanges&days=1,200,RecentChanges,dse,2026-05-26T13:13:21Z,2026-06-22T08:20:14Z,0,75
20260520165232,https://wikiservice.at/fractal/wiki.cgi?action=browse&id=FR/RecentChanges&days=1,200,RecentChanges,fractal,2026-05-26T10:51:00Z,2026-06-22T09:05:32Z,0,41
20260520165232,https://wikiservice.at/fractal/wiki.cgi?action=browse&id=FR/RecentChanges&days=1,200,RecentChanges,probier,2026-05-26T15:36:12Z,2026-06-18T20:05:43Z,0,40
20260520185444,https://wikiservice.at/fractal/wiki.cgi?action=browse&id=RecentChanges&days=2,200,RecentChanges,dse,2026-05-26T13:13:21Z,2026-06-22T08:20:14Z,0,75
20260520185444,https://wikiservice.at/fractal/wiki.cgi?action=browse&id=RecentChanges&days=2,200,RecentChanges,fractal,2026-05-26T10:51:00Z,2026-06-22T09:05:32Z,0,41
20260520185444,https://wikiservice.at/fractal/wiki.cgi?action=browse&id=RecentChanges&days=2,200,RecentChanges,probier,2026-05-26T15:36:12Z,2026-06-18T20:05:43Z,0,40
20260520185826,https://wikiservice.at/fractal/wiki.cgi?action=browse&id=WikiWikiBelgique/RetoScope/RecentChanges&days=1,200,RecentChanges,dse,2026-05-26T13:13:21Z,2026-06-22T08:20:14Z,0,75
20260520185826,https://wikiservice.at/fractal/wiki.cgi?action=browse&id=WikiWikiBelgique/RetoScope/RecentChanges&days=1,200,RecentChanges,fractal,2026-05-26T10:51:00Z,2026-06-22T09:05:32Z,0,41
20260520185826,https://wikiservice.at/fractal/wiki.cgi?action=browse&id=WikiWikiBelgique/RetoScope/RecentChanges&days=1,200,RecentChanges,probier,2026-05-26T15:36:12Z,2026-06-18T20:05:43Z,0,40
20260520190336,https://wikiservice.at/fractal/wiki.cgi?action=editprefs&lang=2&oldid=PageAccueil/Gabarits/CommeDseWiki/Context&id=PageAccueil/Gabarits/CommeDseWiki/Context,200,Context,probier,2026-05-26T14:06:45Z,2026-05-26T14:06:45Z,0,1
20260520190643,https://wikiservice.at/prowiki/wiki.cgi?action=editprefs&oldid=RecentChanges&id=RecentChanges,200,RecentChanges,dse,2026-05-26T13:13:21Z,2026-06-22T08:20:14Z,0,75
20260520190643,https://wikiservice.at/prowiki/wiki.cgi?action=editprefs&oldid=RecentChanges&id=RecentChanges,200,RecentChanges,fractal,2026-05-26T10:51:00Z,2026-06-22T09:05:32Z,0,41
20260520190643,https://wikiservice.at/prowiki/wiki.cgi?action=editprefs&oldid=RecentChanges&id=RecentChanges,200,RecentChanges,probier,2026-05-26T15:36:12Z,2026-06-18T20:05:43Z,0,40
20260520190911,https://wikiservice.at/fractal/wiki.cgi?action=browse&id=FR/S%E9bastienSauteur/RecentChanges&days=30,200,RecentChanges,dse,2026-05-26T13:13:21Z,2026-06-22T08:20:14Z,0,75
20260520190911,https://wikiservice.at/fractal/wiki.cgi?action=browse&id=FR/S%E9bastienSauteur/RecentChanges&days=30,200,RecentChanges,fractal,2026-05-26T10:51:00Z,2026-06-22T09:05:32Z,0,41
20260520190911,https://wikiservice.at/fractal/wiki.cgi?action=browse&id=FR/S%E9bastienSauteur/RecentChanges&days=30,200,RecentChanges,probier,2026-05-26T15:36:12Z,2026-06-18T20:05:43Z,0,40
20260520191209,https://wikiservice.at/fractal/wiki.cgi?action=edit&id=FR/TwitterFanClub/Context&section=5,200,Context,probier,2026-05-26T14:06:45Z,2026-05-26T14:06:45Z,0,1
20260520192702,https://wikiservice.at/fractal/wiki.cgi?action=browse&id=RecentChanges&days=7,200,RecentChanges,dse,2026-05-26T13:13:21Z,2026-06-22T08:20:14Z,0,75
20260520192702,https://wikiservice.at/fractal/wiki.cgi?action=browse&id=RecentChanges&days=7,200,RecentChanges,fractal,2026-05-26T10:51:00Z,2026-06-22T09:05:32Z,0,41
20260520192702,https://wikiservice.at/fractal/wiki.cgi?action=browse&id=RecentChanges&days=7,200,RecentChanges,probier,2026-05-26T15:36:12Z,2026-06-18T20:05:43Z,0,40
20260520193640,https://wikiservice.at/fractal/wiki.cgi?action=browse&id=Wikis/Francais/RecentChanges&lang=2,200,RecentChanges,dse,2026-05-26T13:13:21Z,2026-06-22T08:20:14Z,0,75
20260520193640,https://wikiservice.at/fractal/wiki.cgi?action=browse&id=Wikis/Francais/RecentChanges&lang=2,200,RecentChanges,fractal,2026-05-26T10:51:00Z,2026-06-22T09:05:32Z,0,41
20260520193640,https://wikiservice.at/fractal/wiki.cgi?action=browse&id=Wikis/Francais/RecentChanges&lang=2,200,RecentChanges,probier,2026-05-26T15:36:12Z,2026-06-18T20:05:43Z,0,40
20260520195914,https://wikiservice.at/fractal/wiki.cgi?action=browse&id=EN/RecentChanges&from=,200,RecentChanges,dse,2026-05-26T13:13:21Z,2026-06-22T08:20:14Z,0,75
20260520195914,https://wikiservice.at/fractal/wiki.cgi?action=browse&id=EN/RecentChanges&from=,200,RecentChanges,fractal,2026-05-26T10:51:00Z,2026-06-22T09:05:32Z,0,41
20260520195914,https://wikiservice.at/fractal/wiki.cgi?action=browse&id=EN/RecentChanges&from=,200,RecentChanges,probier,2026-05-26T15:36:12Z,2026-06-18T20:05:43Z,0,40
20260520200225,https://wikiservice.at/fractal/wiki.cgi?action=browse&id=FR/WikiUp/RecentChanges&days=7,200,RecentChanges,dse,2026-05-26T13:13:21Z,2026-06-22T08:20:14Z,0,75
20260520200225,https://wikiservice.at/fractal/wiki.cgi?action=browse&id=FR/WikiUp/RecentChanges&days=7,200,RecentChanges,fractal,2026-05-26T10:51:00Z,2026-06-22T09:05:32Z,0,41
20260520200225,https://wikiservice.at/fractal/wiki.cgi?action=browse&id=FR/WikiUp/RecentChanges&days=7,200,RecentChanges,probier,2026-05-26T15:36:12Z,2026-06-18T20:05:43Z,0,40
20260520201755,https://wikiservice.at/gruender/wiki.cgi?action=edit&id=WikiWeb&section=1,200,WikiWeb,dse,2026-06-22T02:57:53Z,2026-06-22T02:57:53Z,0,1
20260520202121,https://wikiservice.at/support/wiki.cgi?action=edit&id=TestSeite&section=4,200,TestSeite,dse,2026-05-26T14:31:27Z,2026-06-22T08:42:22Z,0,238
20260520202133,https://wikiservice.at/support/wiki.cgi?action=edit&id=TestSeite&section=6,200,TestSeite,dse,2026-05-26T14:31:27Z,2026-06-22T08:42:22Z,0,238
20260520202243,https://wikiservice.at/fractal/wiki.cgi?action=browse&id=FR/Agr%E9gateurFractal/RecentChanges&days=2,200,RecentChanges,dse,2026-05-26T13:13:21Z,2026-06-22T08:20:14Z,0,75
20260520202243,https://wikiservice.at/fractal/wiki.cgi?action=browse&id=FR/Agr%E9gateurFractal/RecentChanges&days=2,200,RecentChanges,fractal,2026-05-26T10:51:00Z,2026-06-22T09:05:32Z,0,41
20260520202243,https://wikiservice.at/fractal/wiki.cgi?action=browse&id=FR/Agr%E9gateurFractal/RecentChanges&days=2,200,RecentChanges,probier,2026-05-26T15:36:12Z,2026-06-18T20:05:43Z,0,40
20260521101055,https://prowiki.org/wiki4d/wiki.cgi?action=editprefs&oldid=JustinCalvarese/Template2/Context&id=JustinCalvarese/Template2/Context,200,Context,probier,2026-05-26T14:06:45Z,2026-05-26T14:06:45Z,0,1
20260521105134,https://prowiki.org/wiki4d/wiki.cgi?action=browse&id=RecentChanges&days=14,200,RecentChanges,dse,2026-05-26T13:13:21Z,2026-06-22T08:20:14Z,0,75
20260521105134,https://prowiki.org/wiki4d/wiki.cgi?action=browse&id=RecentChanges&days=14,200,RecentChanges,fractal,2026-05-26T10:51:00Z,2026-06-22T09:05:32Z,0,41
20260521105134,https://prowiki.org/wiki4d/wiki.cgi?action=browse&id=RecentChanges&days=14,200,RecentChanges,probier,2026-05-26T15:36:12Z,2026-06-18T20:05:43Z,0,40
20260521113313,https://prowiki.org/prowiki/wiki.cgi?action=edit&id=Context&section=8,200,Context,probier,2026-05-26T14:06:45Z,2026-05-26T14:06:45Z,0,1
20260521114858,https://prowiki.org/prowiki/wiki.cgi?action=multilink&id=SandBox&link=TestPage,200,SandBox,dse,2026-05-26T16:45:52Z,2026-06-22T08:38:38Z,0,8
20260521114858,https://prowiki.org/prowiki/wiki.cgi?action=multilink&id=SandBox&link=TestPage,200,SandBox,fractal,2026-05-26T11:55:49Z,2026-06-22T08:51:08Z,0,3
20260521114858,https://prowiki.org/prowiki/wiki.cgi?action=multilink&id=SandBox&link=TestPage,200,SandBox,probier,2026-06-09T09:24:03Z,2026-06-22T08:37:25Z,0,21
20260521193245,https://wikiservice.at/dict/sm/wiki.cgi?action=browse&id=RecentChanges,200,RecentChanges,dse,2026-05-26T13:13:21Z,2026-06-22T08:20:14Z,0,75
20260521193245,https://wikiservice.at/dict/sm/wiki.cgi?action=browse&id=RecentChanges,200,RecentChanges,fractal,2026-05-26T10:51:00Z,2026-06-22T09:05:32Z,0,41
20260521193245,https://wikiservice.at/dict/sm/wiki.cgi?action=browse&id=RecentChanges,200,RecentChanges,probier,2026-05-26T15:36:12Z,2026-06-18T20:05:43Z,0,40
20260521193805,https://wikiservice.at/wiki.cgi?action=browse&id=RecentChanges&from=,200,RecentChanges,dse,2026-05-26T13:13:21Z,2026-06-22T08:20:14Z,0,75
20260521193805,https://wikiservice.at/wiki.cgi?action=browse&id=RecentChanges&from=,200,RecentChanges,fractal,2026-05-26T10:51:00Z,2026-06-22T09:05:32Z,0,41
20260521193805,https://wikiservice.at/wiki.cgi?action=browse&id=RecentChanges&from=,200,RecentChanges,probier,2026-05-26T15:36:12Z,2026-06-18T20:05:43Z,0,40
20260521194831,https://wikiservice.at/prowiki/wiki.cgi?SandBox,200,SandBox,dse,2026-05-26T16:45:52Z,2026-06-22T08:38:38Z,0,8
20260521194831,https://wikiservice.at/prowiki/wiki.cgi?SandBox,200,SandBox,fractal,2026-05-26T11:55:49Z,2026-06-22T08:51:08Z,0,3
20260521194831,https://wikiservice.at/prowiki/wiki.cgi?SandBox,200,SandBox,probier,2026-06-09T09:24:03Z,2026-06-22T08:37:25Z,0,21
20260521195220,https://wikiservice.at/buecher/wiki.cgi?action=browse&id=RecentChanges&lang=1,200,RecentChanges,dse,2026-05-26T13:13:21Z,2026-06-22T08:20:14Z,0,75
20260521195220,https://wikiservice.at/buecher/wiki.cgi?action=browse&id=RecentChanges&lang=1,200,RecentChanges,fractal,2026-05-26T10:51:00Z,2026-06-22T09:05:32Z,0,41
20260521195220,https://wikiservice.at/buecher/wiki.cgi?action=browse&id=RecentChanges&lang=1,200,RecentChanges,probier,2026-05-26T15:36:12Z,2026-06-18T20:05:43Z,0,40
20260521195409,https://wikiservice.at/dict/de/wiki.cgi?SandBox,200,SandBox,dse,2026-05-26T16:45:52Z,2026-06-22T08:38:38Z,0,8
20260521195409,https://wikiservice.at/dict/de/wiki.cgi?SandBox,200,SandBox,fractal,2026-05-26T11:55:49Z,2026-06-22T08:51:08Z,0,3
20260521195409,https://wikiservice.at/dict/de/wiki.cgi?SandBox,200,SandBox,probier,2026-06-09T09:24:03Z,2026-06-22T08:37:25Z,0,21
20260521195437,https://wikiservice.at/dse/wiki.cgi?ForumSeite,200,ForumSeite,dse,2026-06-18T15:54:50Z,2026-06-23T17:24:23Z,0,15
20260521202644,https://wikiservice.at/support/wiki.cgi?StartSeite,200,StartSeite,dse,2026-05-26T11:27:48Z,2026-06-22T19:28:18Z,0,456
20260521202644,https://wikiservice.at/support/wiki.cgi?StartSeite,200,StartSeite,probier,2026-05-26T14:14:20Z,2026-05-26T14:14:20Z,0,1
20260521202644,https://wikiservice.at/support/wiki.cgi?StartSeite,200,Startseite,dse,2026-06-20T21:32:10Z,2026-06-20T21:32:10Z,0,1
20260521203036,https://wikiservice.at/gruender/wiki.cgi?action=browse&id=RecentChanges&lang=1,200,RecentChanges,dse,2026-05-26T13:13:21Z,2026-06-22T08:20:14Z,0,75
20260521203036,https://wikiservice.at/gruender/wiki.cgi?action=browse&id=RecentChanges&lang=1,200,RecentChanges,fractal,2026-05-26T10:51:00Z,2026-06-22T09:05:32Z,0,41
20260521203036,https://wikiservice.at/gruender/wiki.cgi?action=browse&id=RecentChanges&lang=1,200,RecentChanges,probier,2026-05-26T15:36:12Z,2026-06-18T20:05:43Z,0,40
20260521203255,https://wikiservice.at/lotr/wiki.cgi?TestSeite,200,TestSeite,dse,2026-05-26T14:31:27Z,2026-06-22T08:42:22Z,0,238
20260521203450,https://wikiservice.at/dse/wiki.cgi?TestSeite,200,TestSeite,dse,2026-05-26T14:31:27Z,2026-06-22T08:42:22Z,0,238
20260521203620,https://wikiservice.at/dse/wiki.cgi?action=browse&id=RecentChanges&lang=1,200,RecentChanges,dse,2026-05-26T13:13:21Z,2026-06-22T08:20:14Z,0,75
20260521203620,https://wikiservice.at/dse/wiki.cgi?action=browse&id=RecentChanges&lang=1,200,RecentChanges,fractal,2026-05-26T10:51:00Z,2026-06-22T09:05:32Z,0,41
20260521203620,https://wikiservice.at/dse/wiki.cgi?action=browse&id=RecentChanges&lang=1,200,RecentChanges,probier,2026-05-26T15:36:12Z,2026-06-18T20:05:43Z,0,40
20260521203746,https://wikiservice.at/fractal/wiki.cgi?action=browse&id=RecentChanges&days=2,200,RecentChanges,dse,2026-05-26T13:13:21Z,2026-06-22T08:20:14Z,0,75
20260521203746,https://wikiservice.at/fractal/wiki.cgi?action=browse&id=RecentChanges&days=2,200,RecentChanges,fractal,2026-05-26T10:51:00Z,2026-06-22T09:05:32Z,0,41
20260521203746,https://wikiservice.at/fractal/wiki.cgi?action=browse&id=RecentChanges&days=2,200,RecentChanges,probier,2026-05-26T15:36:12Z,2026-06-18T20:05:43Z,0,40
20260521205640,https://wikiservice.at/dse/wiki.cgi?StartSeite,200,StartSeite,dse,2026-05-26T11:27:48Z,2026-06-22T19:28:18Z,0,456
20260521205640,https://wikiservice.at/dse/wiki.cgi?StartSeite,200,StartSeite,probier,2026-05-26T14:14:20Z,2026-05-26T14:14:20Z,0,1
20260521205640,https://wikiservice.at/dse/wiki.cgi?StartSeite,200,Startseite,dse,2026-06-20T21:32:10Z,2026-06-20T21:32:10Z,0,1
20260521205957,https://wikiservice.at/fractal/wiki.cgi?action=browse&id=FR/Agr%E9gateurFractal/RecentChanges&lang=2,200,RecentChanges,dse,2026-05-26T13:13:21Z,2026-06-22T08:20:14Z,0,75
20260521205957,https://wikiservice.at/fractal/wiki.cgi?action=browse&id=FR/Agr%E9gateurFractal/RecentChanges&lang=2,200,RecentChanges,fractal,2026-05-26T10:51:00Z,2026-06-22T09:05:32Z,0,41
20260521205957,https://wikiservice.at/fractal/wiki.cgi?action=browse&id=FR/Agr%E9gateurFractal/RecentChanges&lang=2,200,RecentChanges,probier,2026-05-26T15:36:12Z,2026-06-18T20:05:43Z,0,40
20260606070348,https://wikiservice.at/fractal/wiki.cgi?action=browse&id=Wikis/PeriPeriClone/RecentChanges&days=2,200,RecentChanges,dse,2026-05-26T13:13:21Z,2026-06-22T08:20:14Z,0,75
20260606070348,https://wikiservice.at/fractal/wiki.cgi?action=browse&id=Wikis/PeriPeriClone/RecentChanges&days=2,200,RecentChanges,fractal,2026-05-26T10:51:00Z,2026-06-22T09:05:32Z,0,41
20260606070348,https://wikiservice.at/fractal/wiki.cgi?action=browse&id=Wikis/PeriPeriClone/RecentChanges&days=2,200,RecentChanges,probier,2026-05-26T15:36:12Z,2026-06-18T20:05:43Z,0,40
20260606070452,https://wikiservice.at/fractal/wiki.cgi?action=editprefs&lang=2&oldid=FR/TwitterFanClub/Context&id=FR/TwitterFanClub/Context,200,Context,probier,2026-05-26T14:06:45Z,2026-05-26T14:06:45Z,0,1
20260606072102,https://www.wikiservice.at/buecher/wiki.cgi?action=browse&id=RecentChanges&lang=1,200,RecentChanges,dse,2026-05-26T13:13:21Z,2026-06-22T08:20:14Z,0,75
20260606072102,https://www.wikiservice.at/buecher/wiki.cgi?action=browse&id=RecentChanges&lang=1,200,RecentChanges,fractal,2026-05-26T10:51:00Z,2026-06-22T09:05:32Z,0,41
20260606072102,https://www.wikiservice.at/buecher/wiki.cgi?action=browse&id=RecentChanges&lang=1,200,RecentChanges,probier,2026-05-26T15:36:12Z,2026-06-18T20:05:43Z,0,40
20260606073930,https://wikiservice.at/fractal/wiki.cgi?action=editprefs&lang=2&oldid=FR/SwissLife/RecentChanges&id=FR/SwissLife/RecentChanges,200,RecentChanges,dse,2026-05-26T13:13:21Z,2026-06-22T08:20:14Z,0,75
20260606073930,https://wikiservice.at/fractal/wiki.cgi?action=editprefs&lang=2&oldid=FR/SwissLife/RecentChanges&id=FR/SwissLife/RecentChanges,200,RecentChanges,fractal,2026-05-26T10:51:00Z,2026-06-22T09:05:32Z,0,41
20260606073930,https://wikiservice.at/fractal/wiki.cgi?action=editprefs&lang=2&oldid=FR/SwissLife/RecentChanges&id=FR/SwissLife/RecentChanges,200,RecentChanges,probier,2026-05-26T15:36:12Z,2026-06-18T20:05:43Z,0,40
20260606074557,https://wikiservice.at/gruender/wiki.cgi?action=multilink&id=WikiWeb&link=WebSpace,200,WikiWeb,dse,2026-06-22T02:57:53Z,2026-06-22T02:57:53Z,0,1
20260606221125,https://prowiki.org/dse/wiki.cgi?AgentCatalogItResidenceHelperPage,200,AgentCatalogItResidenceHelperPage,dse,2026-05-28T16:13:50Z,2026-05-28T16:13:50Z,0,1
20260606221602,https://prowiki.org/dse/wiki.cgi?AgentParentManifestSliceLCDLCharl4Helper,200,AgentParentManifestSliceLCDLCharl4Helper,dse,2026-05-28T15:27:20Z,2026-05-28T15:27:20Z,0,1
20260606221715,https://prowiki.org/dse/wiki.cgi?AgentCatalogItWilliamsHelpNow,200,AgentCatalogItWilliamsHelpNow,dse,2026-05-28T16:16:58Z,2026-05-28T16:16:58Z,0,1
20260606221903,https://prowiki.org/dse/wiki.cgi?AgentMemVariantsEcon19282,200,AgentMemVariantsEcon19282,dse,2026-06-01T14:28:28Z,2026-06-01T14:28:28Z,0,1
20260606222124,https://prowiki.org/dse/wiki.cgi?TestAgentCreateQ,200,TestAgentCreateQ,dse,2026-05-26T16:51:18Z,2026-06-17T01:58:26Z,0,2
20260606222251,https://prowiki.org/dse/wiki.cgi?AgentDataUsaJsonLinkT1,200,AgentDataUsaJsonLinkT1,dse,2026-05-28T00:51:59Z,2026-05-28T00:51:59Z,0,1
20260606222845,https://prowiki.org/dse/wiki.cgi?BridgeTryExternalAPIZZZ,200,BridgeTryExternalAPIZZZ,dse,2026-05-26T16:31:26Z,2026-05-26T16:31:26Z,0,1
20260606223034,https://prowiki.org/dse/wiki.cgi?AgentShortJsonDataLinkV3,200,AgentShortJsonDataLinkV3,dse,2026-05-28T01:08:36Z,2026-05-28T01:08:36Z,0,1
20260606223128,https://www.wikiservice.at/dse/wiki.cgi?action=edit&id=TestSeite&section=8,200,TestSeite,dse,2026-05-26T14:31:27Z,2026-06-22T08:42:22Z,0,238
20260606223213,https://prowiki.org/dse/wiki.cgi?AgentJqpArchivedDailyExtractKWV77102,200,AgentJqpArchivedDailyExtractKWV77102,dse,2026-05-28T23:17:48Z,2026-05-28T23:17:48Z,0,1
20260606223244,https://prowiki.org/dse/wiki.cgi?AgentNewTry3,200,AgentNewTry3,dse,2026-05-27T13:01:00Z,2026-05-27T13:01:00Z,0,1
20260606223312,https://prowiki.org/dse/wiki.cgi?Agent0SaveDummy7721,200,Agent0SaveDummy7721,dse,2026-05-28T14:49:14Z,2026-05-28T14:49:14Z,0,1
20260606223326,https://www.wikiservice.at/dse/wiki.cgi?action=edit&id=TestSeite&section=10,200,TestSeite,dse,2026-05-26T14:31:27Z,2026-06-22T08:42:22Z,0,238
20260606223340,https://prowiki.org/dse/wiki.cgi?AgentMDLDeedXMLSource0531202636,200,AgentMDLDeedXMLSource0531202636,dse,2026-05-30T22:16:10Z,2026-05-30T22:16:10Z,0,1
20260606223408,https://prowiki.org/dse/wiki.cgi?AgentYahooQuery1DirectNewTt,200,AgentYahooQuery1DirectNewTt,dse,2026-05-28T21:40:33Z,2026-06-22T00:26:59Z,0,2
20260606223635,https://prowiki.org/dse/wiki.cgi?AgentClarkHtmlWrapperSourceR771,200,AgentClarkHtmlWrapperSourceR771,dse,2026-06-01T14:42:35Z,2026-06-01T14:42:35Z,0,1
20260606223730,https://prowiki.org/dse/wiki.cgi?AgentKIIIFPresentationTryJsonK4N728,200,AgentKIIIFPresentationTryJsonK4N728,dse,2026-05-28T14:56:27Z,2026-05-28T14:56:27Z,0,1
20260606223734,https://www.wikiservice.at/dse/wiki.cgi?action=edit&id=TestSeite&section=9,200,TestSeite,dse,2026-05-26T14:31:27Z,2026-06-22T08:42:22Z,0,238
20260606223802,https://prowiki.org/dse/wiki.cgi?AgentZeroJSONCatalogPartFourProper66806,200,AgentZeroJSONCatalogPartFourProper66806,dse,2026-05-28T15:11:15Z,2026-05-28T15:11:15Z,0,1
20260606224001,https://prowiki.org/dse/wiki.cgi?CrawlerPathLinksXYZ,200,CrawlerPathLinksXYZ,dse,2026-05-27T12:22:51Z,2026-05-27T12:22:51Z,0,1
20260606224108,https://prowiki.org/dse/wiki.cgi?AgentAgZeroManifestVariantsTryWindow10X,200,AgentAgZeroManifestVariantsTryWindow10X,dse,2026-05-28T15:07:29Z,2026-05-28T15:07:29Z,0,1
20260606224232,https://prowiki.org/dse/wiki.cgi?NewLinkBridge006,200,NewLinkBridge006,dse,2026-05-26T23:12:42Z,2026-05-26T23:12:42Z,0,1
20260606224302,https://prowiki.org/dse/wiki.cgi?NewTestPivotABC,200,NewTestPivotABC,dse,2026-05-26T14:03:26Z,2026-05-26T16:56:05Z,0,3
20260606224330,https://prowiki.org/dse/wiki.cgi?AgentYahooCtxLinkDifferentPp,200,AgentYahooCtxLinkDifferentPp,dse,2026-05-28T21:22:55Z,2026-05-28T21:22:55Z,0,1
20260606224359,https://prowiki.org/dse/wiki.cgi?AgentCharlestonArchiveMetadataDomainPathC,200,AgentCharlestonArchiveMetadataDomainPathC,dse,2026-05-28T09:35:42Z,2026-05-28T09:35:42Z,0,1
20260606224429,https://prowiki.org/dse/wiki.cgi?AgentClarkJqpCorrectEncodedVV90,200,AgentClarkJqpCorrectEncodedVV90,dse,2026-06-01T14:34:56Z,2026-06-01T14:34:56Z,0,1
20260606224457,https://prowiki.org/dse/wiki.cgi?AgentZeroJSONCatalogPartFourProper21096,200,AgentZeroJSONCatalogPartFourProper21096,dse,2026-05-28T14:24:03Z,2026-05-28T14:24:03Z,0,1
20260606224550,https://prowiki.org/dse/wiki.cgi?AgentDataUsaJsonLinkS3,200,AgentDataUsaJsonLinkS3,dse,2026-05-28T00:50:32Z,2026-05-28T00:50:32Z,0,1
20260606224645,https://prowiki.org/dse/wiki.cgi?AgentNineCorsmirrorJsonRefs1779985669,200,AgentNineCorsmirrorJsonRefs1779985669,dse,2026-05-28T16:27:56Z,2026-05-28T16:27:56Z,0,1
20260606224710,https://prowiki.org/dse/wiki.cgi?SandboxAgentCharlRspaceManifestCachedVariantsY2026,200,SandboxAgentCharlRspaceManifestCachedVariantsY2026,dse,2026-05-28T14:02:04Z,2026-05-28T14:02:04Z,0,1
20260606224737,https://prowiki.org/dse/wiki.cgi?AgentOfficialDirectQueryAA2,200,AgentOfficialDirectQueryAA2,dse,2026-05-28T01:16:04Z,2026-06-17T12:23:44Z,0,2
20260606224919,https://prowiki.org/dse/wiki.cgi?XYZABC,200,XYZABC,dse,2026-05-27T12:37:07Z,2026-06-18T20:25:58Z,0,3
20260606224945,https://prowiki.org/dse/wiki.cgi?AgentMarkdownRspaceManifestReadableFCharleston,200,AgentMarkdownRspaceManifestReadableFCharleston,dse,2026-05-28T13:07:19Z,2026-05-28T13:07:19Z,0,1
20260606225010,https://prowiki.org/dse/wiki.cgi?NewHelperBridge,200,NewHelperBridge,dse,2026-05-26T14:49:55Z,2026-05-26T16:48:31Z,0,4
20260606225058,https://prowiki.org/dse/wiki.cgi?AgentEnrollmentDataUsaEvidenceX,200,AgentEnrollmentDataUsaEvidenceX,dse,2026-06-01T03:46:00Z,2026-06-01T03:46:00Z,0,1
20260606225100,https://www.wikiservice.at/dse/wiki.cgi?action=edit&id=TestSeite&section=11,200,TestSeite,dse,2026-05-26T14:31:27Z,2026-06-22T08:42:22Z,0,238
20260606225122,https://prowiki.org/dse/wiki.cgi?AgentCorsmirrorRspaceChildRefsPartFourQ2026,200,AgentCorsmirrorRspaceChildRefsPartFourQ2026,dse,2026-05-28T13:53:09Z,2026-05-28T13:53:09Z,0,1
20260606225327,https://prowiki.org/dse/wiki.cgi?AgentMdmGetItemInfo152XML030512,200,AgentMdmGetItemInfo152XML030512,dse,2026-05-30T21:28:42Z,2026-05-30T21:28:42Z,0,1
20260606225455,https://prowiki.org/dse/wiki.cgi?AgentTBValuesXYZ19087,200,AgentTBValuesXYZ19087,dse,2026-05-29T19:30:56Z,2026-05-29T19:30:56Z,0,1
20260606225531,https://www.wikiservice.at/dse/wiki.cgi?action=edit&id=TestSeite&section=1,200,TestSeite,dse,2026-05-26T14:31:27Z,2026-06-22T08:42:22Z,0,238
20260606225636,https://prowiki.org/dse/wiki.cgi?AgentYahooJqpMoreLinksCd,200,AgentYahooJqpMoreLinksCd,dse,2026-05-28T22:05:14Z,2026-05-28T22:05:14Z,0,1
20260606225736,https://prowiki.org/dse/wiki.cgi?BridgeZZ2,200,BridgeZZ2,dse,2026-06-18T18:24:55Z,2026-06-18T18:24:55Z,0,1
20260606225756,https://prowiki.org/dse/wiki.cgi?NewSandboxBBB,200,NewSandboxBBB,dse,2026-05-26T16:35:55Z,2026-06-18T18:44:10Z,0,2
20260606225836,https://prowiki.org/dse/wiki.cgi?AgentDataUsaJsonLinkS4,200,AgentDataUsaJsonLinkS4,dse,2026-05-28T00:50:53Z,2026-05-28T00:50:53Z,0,1
20260606225855,https://prowiki.org/dse/wiki.cgi?AgentClarkMemo2012VariantsDX8,200,AgentClarkMemo2012VariantsDX8,dse,2026-06-01T14:39:52Z,2026-06-01T14:39:52Z,0,1
20260606225904,https://www.wikiservice.at/dse/wiki.cgi?action=editprefs&lang=1&oldid=TestSeite&id=TestSeite,200,TestSeite,dse,2026-05-26T14:31:27Z,2026-06-22T08:42:22Z,0,238
20260606225922,https://prowiki.org/dse/wiki.cgi?AgentResearchCharlestonImagesC,200,AgentResearchCharlestonImagesC,dse,2026-05-28T14:30:40Z,2026-05-28T14:30:40Z,0,1
20260606230003,https://prowiki.org/dse/wiki.cgi?AgentCharlestonArchivePartFourMetadataListA,200,AgentCharlestonArchivePartFourMetadataListA,dse,2026-05-28T08:13:10Z,2026-05-28T08:13:10Z,0,1
20260606230059,https://prowiki.org/dse/wiki.cgi?AgentFinalEncodedClarkSource56,200,AgentFinalEncodedClarkSource56,dse,2026-06-01T14:38:37Z,2026-06-01T14:38:37Z,0,1
20260606230217,https://prowiki.org/dse/wiki.cgi?TempOurSave90273,200,TempOurSave90273,dse,2026-05-26T16:39:41Z,2026-06-18T14:30:48Z,0,2
20260606230249,https://prowiki.org/dse/wiki.cgi?UniqueFederalLinksMay2026ABC,200,UniqueFederalLinksMay2026ABC,dse,2026-05-27T12:36:16Z,2026-06-18T17:44:55Z,0,2
20260606230347,https://prowiki.org/dse/wiki.cgi?AgentCharlestonCatalogXMLProxyLinksHFTwo2026J,200,AgentCharlestonCatalogXMLProxyLinksHFTwo2026J,dse,2026-05-28T14:00:18Z,2026-05-28T14:00:18Z,0,1
20260606230417,https://prowiki.org/dse/wiki.cgi?AgentClarkEconomicsLinksX7,200,AgentClarkEconomicsLinksX7,dse,2026-06-01T12:50:36Z,2026-06-01T12:50:36Z,0,1
20260606230445,https://prowiki.org/dse/wiki.cgi?DatahuntTb,200,DatahuntTb,dse,2026-05-29T23:11:16Z,2026-05-29T23:11:16Z,0,1
20260606230455,https://www.wikiservice.at/dse/wiki.cgi?action=edit&id=TestSeite&section=2,200,TestSeite,dse,2026-05-26T14:31:27Z,2026-06-22T08:42:22Z,0,238
20260606230542,https://prowiki.org/dse/wiki.cgi?AgentZeroEightCatalogitTests,200,AgentZeroEightCatalogitTests,dse,2026-05-28T15:11:37Z,2026-05-28T15:11:37Z,0,1
20260606230657,https://prowiki.org/dse/wiki.cgi?AgentTempEncProbe4C,200,AgentTempEncProbe4C,dse,2026-06-01T14:36:29Z,2026-06-01T14:36:29Z,0,1
20260606230856,https://prowiki.org/dse/wiki.cgi?AgentClarkAliasReadersM6009,200,AgentClarkAliasReadersM6009,dse,2026-06-01T14:32:53Z,2026-06-01T14:32:53Z,0,1
20260606230936,https://prowiki.org/dse/wiki.cgi?AgentAg0LCDLMetadataJSONLinksFinalQ,200,AgentAg0LCDLMetadataJSONLinksFinalQ,dse,2026-05-28T13:52:38Z,2026-05-28T13:52:38Z,0,1
20260606231050,https://prowiki.org/dse/wiki.cgi?AgentMhsMetadataQueryRefsTX053126,200,AgentMhsMetadataQueryRefsTX053126,dse,2026-05-30T22:54:45Z,2026-05-30T22:54:45Z,0,1
20260606231122,https://prowiki.org/dse/wiki.cgi?AgentJqpSourceTitleFinalRT21465,200,AgentJqpSourceTitleFinalRT21465,dse,2026-05-28T23:48:52Z,2026-05-28T23:48:52Z,0,1
20260606231154,https://prowiki.org/dse/wiki.cgi?AgentTryCatalogItGuessPagesP4Y1,200,AgentTryCatalogItGuessPagesP4Y1,dse,2026-05-28T15:13:00Z,2026-05-28T15:13:00Z,0,1
20260606231228,https://prowiki.org/dse/wiki.cgi?AgentClarkSortedJqQ700,200,AgentClarkSortedJqQ700,dse,2026-06-01T14:19:52Z,2026-06-01T14:19:52Z,0,1
20260606231402,https://prowiki.org/dse/wiki.cgi?AgentTmpTestA,200,AgentTmpTestA,dse,2026-05-26T16:40:00Z,2026-06-18T20:28:13Z,0,3
20260606231431,https://prowiki.org/dse/wiki.cgi?AgentYahooJqpUniqueUu,200,AgentYahooJqpUniqueUu,dse,2026-05-28T21:51:14Z,2026-05-28T21:51:14Z,0,1
20260606231459,https://prowiki.org/dse/wiki.cgi?AgentTrySlugSetZX6,200,AgentTrySlugSetZX6,dse,2026-05-28T14:37:00Z,2026-05-28T14:37:00Z,0,1
20260606231623,https://prowiki.org/dse/wiki.cgi?AgentCaptionReaderLinksHtmlZZ,200,AgentCaptionReaderLinksHtmlZZ,dse,2026-05-28T14:25:12Z,2026-05-28T14:25:12Z,0,1
20260606231649,https://prowiki.org/dse/wiki.cgi?Foobar,200,Foobar,dse,2026-05-27T12:27:40Z,2026-06-18T20:26:26Z,0,3
20260606231730,https://www.wikiservice.at/dse/wiki.cgi?action=edit&id=TestSeite&section=3,200,TestSeite,dse,2026-05-26T14:31:27Z,2026-06-22T08:42:22Z,0,238
20260606231739,https://prowiki.org/dse/wiki.cgi?AgentNineCorsmirrorJsonRefs1779985641,200,AgentNineCorsmirrorJsonRefs1779985641,dse,2026-05-28T16:27:25Z,2026-05-28T16:27:25Z,0,1
20260606231829,https://prowiki.org/dse/wiki.cgi?AgentAaftonHS,200,AgentAaftonHS,dse,2026-06-01T23:51:52Z,2026-06-18T19:28:33Z,0,4
20260606231925,https://prowiki.org/dse/wiki.cgi?QuarterlyEvidenceLinksMine,200,QuarterlyEvidenceLinksMine,dse,2026-05-26T16:25:54Z,2026-05-26T16:25:54Z,0,1
20260606232022,https://prowiki.org/dse/wiki.cgi?AgentZeroTestPureLinkSyntaxMay2026,200,AgentZeroTestPureLinkSyntaxMay2026,dse,2026-05-28T14:35:51Z,2026-05-28T14:35:51Z,0,1
20260606232205,https://prowiki.org/dse/wiki.cgi?JohnClarkRefsNewsletterQ2026,200,JohnClarkRefsNewsletterQ2026,dse,2026-06-01T14:11:12Z,2026-06-01T14:11:12Z,0,1
20260606232258,https://prowiki.org/dse/wiki.cgi?ClarkEconomicsNewsletterArchiveSources,200,ClarkEconomicsNewsletterArchiveSources,dse,2026-06-01T14:02:59Z,2026-06-01T14:02:59Z,0,1
20260606232324,https://prowiki.org/dse/wiki.cgi?Agent0CharlestonLinksB,200,Agent0CharlestonLinksB,dse,2026-05-28T14:34:25Z,2026-05-28T14:34:25Z,0,1
20260606232439,https://prowiki.org/dse/wiki.cgi?AgentAnotherReadableZ817,200,AgentAnotherReadableZ817,dse,2026-05-28T13:41:37Z,2026-05-28T13:41:37Z,0,1
20260606232453,https://www.wikiservice.at/dse/wiki.cgi?action=edit&id=TestSeite&section=4,200,TestSeite,dse,2026-05-26T14:31:27Z,2026-06-22T08:42:22Z,0,238
20260606232506,https://prowiki.org/dse/wiki.cgi?TestRandomPageABCfoo123,200,TestRandomPageABCfoo123,dse,2026-05-29T22:51:24Z,2026-06-18T19:06:11Z,0,6
20260606232532,https://prowiki.org/dse/wiki.cgi?AgentArchiveSliceLabelsPart4X0,200,AgentArchiveSliceLabelsPart4X0,dse,2026-05-28T13:31:48Z,2026-05-28T13:45:43Z,0,2
20260606232651,https://prowiki.org/dse/wiki.cgi?FooAsciitest/context,200,Context,probier,2026-05-26T14:06:45Z,2026-05-26T14:06:45Z,0,1
20260606232837,https://prowiki.org/dse/wiki.cgi?AgentTBEcuadorDataOfficialRefs,200,AgentTBEcuadorDataOfficialRefs,dse,2026-05-29T23:50:47Z,2026-05-29T23:50:47Z,0,1
20260606232926,https://prowiki.org/dse/wiki.cgi?FooTmp873Beta,200,FooTmp873Beta,dse,2026-05-31T00:23:58Z,2026-05-31T00:23:58Z,0,1
20260606233038,https://prowiki.org/dse/wiki.cgi?AgentMemTry17261,200,AgentMemTry17261,dse,2026-06-01T14:22:58Z,2026-06-01T14:22:58Z,0,1
20260606233101,https://prowiki.org/dse/wiki.cgi?AgentEnrollmentPublicSourceZ9,200,AgentEnrollmentPublicSourceZ9,dse,2026-06-01T03:54:59Z,2026-06-01T03:54:59Z,0,1
20260606233127,https://prowiki.org/dse/wiki.cgi?AgentUsefulLinksLCDL2026,200,AgentUsefulLinksLCDL2026,dse,2026-05-28T15:20:22Z,2026-05-28T15:20:22Z,0,1
20260606233304,https://prowiki.org/dse/wiki.cgi?AgentHealthdataTBConfigData96808,200,AgentHealthdataTBConfigData96808,dse,2026-05-29T23:20:10Z,2026-05-29T23:20:10Z,0,1
20260606233325,https://prowiki.org/dse/wiki.cgi?AgentTempCharlestonLinksZ,200,AgentTempCharlestonLinksZ,dse,2026-05-28T14:26:26Z,2026-05-28T14:26:26Z,0,1
20260606233349,https://prowiki.org/dse/wiki.cgi?AgentNestedSimplerTestQW99221,200,AgentNestedSimplerTestQW99221,dse,2026-05-28T22:27:46Z,2026-05-28T22:27:46Z,0,1
20260606233412,https://prowiki.org/dse/wiki.cgi?AgentYahooApiExampleKk,200,AgentYahooApiExampleKk,dse,2026-05-28T19:49:54Z,2026-05-28T19:49:54Z,0,1
20260606233412,https://www.wikiservice.at/dse/wiki.cgi?action=edit&id=TestSeite&section=5,200,TestSeite,dse,2026-05-26T14:31:27Z,2026-06-22T08:42:22Z,0,238
20260606233459,https://prowiki.org/dse/wiki.cgi?AgentShortJsonDataLinkV1,200,AgentShortJsonDataLinkV1,dse,2026-05-28T01:07:45Z,2026-05-28T01:07:45Z,0,1
20260606233543,https://prowiki.org/dse/wiki.cgi?AgentClarkEcoProxyTests,200,AgentClarkEcoProxyTests,dse,2026-06-01T12:59:39Z,2026-06-01T12:59:39Z,0,1
20260606233605,https://prowiki.org/dse/wiki.cgi?AgentHowEnrollmentLinkJun,200,AgentHowEnrollmentLinkJun,dse,2026-06-01T03:39:40Z,2026-06-01T03:39:40Z,0,1
20260606233628,https://prowiki.org/dse/wiki.cgi?AgentNestedTextYahooArchivedDDD88420,200,AgentNestedTextYahooArchivedDDD88420,dse,2026-05-28T22:23:09Z,2026-05-28T22:23:09Z,0,1
20260606233713,https://prowiki.org/dse/wiki.cgi?AgentTBEcuadorDataCitations48291,200,AgentTBEcuadorDataCitations48291,dse,2026-05-29T23:07:00Z,2026-05-29T23:07:00Z,0,1
20260606233759,https://prowiki.org/dse/wiki.cgi?NodeNewUniqueAA77,200,NodeNewUniqueAA77,dse,2026-05-26T16:13:41Z,2026-06-18T18:44:41Z,0,2
20260606233909,https://prowiki.org/dse/wiki.cgi?AgentTempTemple,200,AgentTempTemple,dse,2026-06-01T00:12:10Z,2026-06-22T02:59:08Z,0,3
20260606233932,https://prowiki.org/dse/wiki.cgi?AgentClarkEcoProxyTests4,200,AgentClarkEcoProxyTests4,dse,2026-06-01T13:18:55Z,2026-06-01T13:18:55Z,0,1
20260606234020,https://prowiki.org/dse/wiki.cgi?AgentCofcRspaceManifestFormatTrialsOne,200,AgentCofcRspaceManifestFormatTrialsOne,dse,2026-05-28T15:06:11Z,2026-05-28T15:06:11Z,0,1
20260606234041,https://prowiki.org/dse/wiki.cgi?AgentRowsTextProxyJJM33771,200,AgentRowsTextProxyJJM33771,dse,2026-05-28T21:41:55Z,2026-05-28T21:41:55Z,0,1
20260606234103,https://prowiki.org/dse/wiki.cgi?FooWindow15X,200,FooWindow15X,dse,2026-05-26T15:56:54Z,2026-06-18T20:14:18Z,0,3
20260606234159,https://www.wikiservice.at/dse/wiki.cgi?action=edit&id=TestSeite&section=6,200,TestSeite,dse,2026-05-26T14:31:27Z,2026-06-22T08:42:22Z,0,238
20260606234438,https://prowiki.org/dse/wiki.cgi?AgentYahooPureMdHistLinksVv,200,AgentYahooPureMdHistLinksVv,dse,2026-05-28T23:59:44Z,2026-05-28T23:59:44Z,0,1
20260606234458,https://prowiki.org/dse/wiki.cgi?AgentWinX1779995593,200,AgentWinX1779995593,dse,2026-05-28T19:40:02Z,2026-05-28T19:40:02Z,0,1
20260606234559,https://prowiki.org/dse/wiki.cgi?AgentYahooQueryDirectJj,200,AgentYahooQueryDirectJj,dse,2026-05-28T19:25:26Z,2026-05-28T19:25:26Z,0,1
20260606234713,https://prowiki.org/dse/wiki.cgi?AgentUniqueXYZ125,200,AgentUniqueXYZ125,dse,2026-06-01T14:39:34Z,2026-06-01T14:43:05Z,0,2
20260606234838,https://prowiki.org/dse/wiki.cgi?AgentShortJsonDataLinkV2,200,AgentShortJsonDataLinkV2,dse,2026-05-28T01:08:11Z,2026-05-28T01:08:11Z,0,1
20260606234856,https://prowiki.org/dse/wiki.cgi?AnotherQXlLink2026,200,AnotherQXlLink2026,dse,2026-05-27T03:59:28Z,2026-05-27T03:59:28Z,0,1
20260606234911,https://prowiki.org/dse/wiki.cgi?AgentCharlestonPartFourSources92843,200,AgentCharlestonPartFourSources92843,dse,2026-05-28T14:20:39Z,2026-05-28T14:20:39Z,0,1
20260606234924,https://prowiki.org/dse/wiki.cgi?SandboxAgent0RouteMemgator,200,SandboxAgent0RouteMemgator,dse,2026-06-01T14:20:47Z,2026-06-01T14:20:47Z,0,1
20260606234938,https://prowiki.org/dse/wiki.cgi?AgentHealthdataTBTest,200,AgentHealthdataTBTest,dse,2026-05-29T23:18:26Z,2026-05-29T23:18:26Z,0,1
20260606235042,https://prowiki.org/dse/wiki.cgi?Agent0ClarkTest589,200,Agent0ClarkTest589,dse,2026-06-01T15:18:17Z,2026-06-18T18:32:55Z,0,2
20260606235141,https://www.wikiservice.at/dse/wiki.cgi?action=edit&id=TestSeite&section=7,200,TestSeite,dse,2026-05-26T14:31:27Z,2026-06-22T08:42:22Z,0,238
20260606235143,https://prowiki.org/dse/wiki.cgi?FederalLinksForSFReportsZZ,200,FederalLinksForSFReportsZZ,dse,2026-05-26T16:44:55Z,2026-06-18T18:43:50Z,0,2
20260606235156,https://prowiki.org/dse/wiki.cgi?AgentNineCorsmirrorJsonLibraryRefs12914X,200,AgentNineCorsmirrorJsonLibraryRefs12914X,dse,2026-05-28T16:26:16Z,2026-05-28T16:26:16Z,0,1
20260606235231,https://prowiki.org/dse/wiki.cgi?BridgeUniqueABC9876ForQ,200,BridgeUniqueABC9876ForQ,dse,2026-05-27T00:40:33Z,2026-06-22T08:44:06Z,0,5
20260606235241,https://prowiki.org/dse/wiki.cgi?SandboxTryRR84727,200,SandboxTryRR84727,dse,2026-05-30T23:48:48Z,2026-05-30T23:48:48Z,0,1
20260607071614,https://wikiservice.at/fractal/wiki.cgi?action=edit&id=FR/TwitterFanClub/Context&section=7,200,Context,probier,2026-05-26T14:06:45Z,2026-05-26T14:06:45Z,0,1
20260607072140,https://wikiservice.at/fractal/wiki.cgi?action=browse&id=FR/PinkoMarketing/Twollars/RecentChanges&days=2,200,RecentChanges,dse,2026-05-26T13:13:21Z,2026-06-22T08:20:14Z,0,75
20260607072140,https://wikiservice.at/fractal/wiki.cgi?action=browse&id=FR/PinkoMarketing/Twollars/RecentChanges&days=2,200,RecentChanges,fractal,2026-05-26T10:51:00Z,2026-06-22T09:05:32Z,0,41
20260607072140,https://wikiservice.at/fractal/wiki.cgi?action=browse&id=FR/PinkoMarketing/Twollars/RecentChanges&days=2,200,RecentChanges,probier,2026-05-26T15:36:12Z,2026-06-18T20:05:43Z,0,40
20260607072615,https://wikiservice.at/support/wiki.cgi?Admin/Template/Context,200,Context,probier,2026-05-26T14:06:45Z,2026-05-26T14:06:45Z,0,1
20260607072655,https://wikiservice.at/fractal/wiki.cgi?action=browse&id=FR/NouvellesD%E9marchesCoop%E9ratives/RecentChanges&lang=2,200,RecentChanges,dse,2026-05-26T13:13:21Z,2026-06-22T08:20:14Z,0,75
20260607072655,https://wikiservice.at/fractal/wiki.cgi?action=browse&id=FR/NouvellesD%E9marchesCoop%E9ratives/RecentChanges&lang=2,200,RecentChanges,fractal,2026-05-26T10:51:00Z,2026-06-22T09:05:32Z,0,41
20260607072655,https://wikiservice.at/fractal/wiki.cgi?action=browse&id=FR/NouvellesD%E9marchesCoop%E9ratives/RecentChanges&lang=2,200,RecentChanges,probier,2026-05-26T15:36:12Z,2026-06-18T20:05:43Z,0,40
20260607073036,https://wikiservice.at/fractal/wiki.cgi?action=browse&id=FR/Tontine/RecentChanges&from=,200,RecentChanges,dse,2026-05-26T13:13:21Z,2026-06-22T08:20:14Z,0,75
20260607073036,https://wikiservice.at/fractal/wiki.cgi?action=browse&id=FR/Tontine/RecentChanges&from=,200,RecentChanges,fractal,2026-05-26T10:51:00Z,2026-06-22T09:05:32Z,0,41
20260607073036,https://wikiservice.at/fractal/wiki.cgi?action=browse&id=FR/Tontine/RecentChanges&from=,200,RecentChanges,probier,2026-05-26T15:36:12Z,2026-06-18T20:05:43Z,0,40
20260607073456,https://wikiservice.at/fractal/wiki.cgi?action=edit&id=FR/ClaimID/Context&section=3,200,Context,probier,2026-05-26T14:06:45Z,2026-05-26T14:06:45Z,0,1
20260607073652,https://www.wikiservice.at/dse/wiki.cgi?WillkommenImWiki,200,WillkommenImWiki,dse,2026-06-18T17:15:53Z,2026-07-02T16:46:05Z,0,2327
20260607073812,https://www.wikiservice.at/dse/wiki.cgi?WikiWeb,200,WikiWeb,dse,2026-06-22T02:57:53Z,2026-06-22T02:57:53Z,0,1
20260607074316,https://wikiservice.at/fractal/wiki.cgi?action=editprefs&oldid=EN/RecentChanges&id=EN/RecentChanges,200,RecentChanges,dse,2026-05-26T13:13:21Z,2026-06-22T08:20:14Z,0,75
20260607074316,https://wikiservice.at/fractal/wiki.cgi?action=editprefs&oldid=EN/RecentChanges&id=EN/RecentChanges,200,RecentChanges,fractal,2026-05-26T10:51:00Z,2026-06-22T09:05:32Z,0,41
20260607074316,https://wikiservice.at/fractal/wiki.cgi?action=editprefs&oldid=EN/RecentChanges&id=EN/RecentChanges,200,RecentChanges,probier,2026-05-26T15:36:12Z,2026-06-18T20:05:43Z,0,40
20260607075014,https://www.wikiservice.at/dse/wiki.cgi?RecentChanges,200,RecentChanges,dse,2026-05-26T13:13:21Z,2026-06-22T08:20:14Z,0,75
20260607075014,https://www.wikiservice.at/dse/wiki.cgi?RecentChanges,200,RecentChanges,fractal,2026-05-26T10:51:00Z,2026-06-22T09:05:32Z,0,41
20260607075014,https://www.wikiservice.at/dse/wiki.cgi?RecentChanges,200,RecentChanges,probier,2026-05-26T15:36:12Z,2026-06-18T20:05:43Z,0,40
20260607075531,https://wikiservice.at/fractal/wiki.cgi?action=browse&id=FR/Tontine/RecentChanges&days=14,200,RecentChanges,dse,2026-05-26T13:13:21Z,2026-06-22T08:20:14Z,0,75
20260607075531,https://wikiservice.at/fractal/wiki.cgi?action=browse&id=FR/Tontine/RecentChanges&days=14,200,RecentChanges,fractal,2026-05-26T10:51:00Z,2026-06-22T09:05:32Z,0,41
20260607075531,https://wikiservice.at/fractal/wiki.cgi?action=browse&id=FR/Tontine/RecentChanges&days=14,200,RecentChanges,probier,2026-05-26T15:36:12Z,2026-06-18T20:05:43Z,0,40
20260607080734,https://wikiservice.at/fractal/wiki.cgi?action=edit&id=FR/Context&section=3,200,Context,probier,2026-05-26T14:06:45Z,2026-05-26T14:06:45Z,0,1
20260607081352,https://wikiservice.at/fractal/wiki.cgi?action=edit&id=SandBox&section=7,200,SandBox,dse,2026-05-26T16:45:52Z,2026-06-22T08:38:38Z,0,8
20260607081352,https://wikiservice.at/fractal/wiki.cgi?action=edit&id=SandBox&section=7,200,SandBox,fractal,2026-05-26T11:55:49Z,2026-06-22T08:51:08Z,0,3
20260607081352,https://wikiservice.at/fractal/wiki.cgi?action=edit&id=SandBox&section=7,200,SandBox,probier,2026-06-09T09:24:03Z,2026-06-22T08:37:25Z,0,21
20260607081717,https://wikiservice.at/fractal/wiki.cgi?action=browse&id=FR/PinkoMarketing/RecentChanges&days=3,200,RecentChanges,dse,2026-05-26T13:13:21Z,2026-06-22T08:20:14Z,0,75
20260607081717,https://wikiservice.at/fractal/wiki.cgi?action=browse&id=FR/PinkoMarketing/RecentChanges&days=3,200,RecentChanges,fractal,2026-05-26T10:51:00Z,2026-06-22T09:05:32Z,0,41
20260607081717,https://wikiservice.at/fractal/wiki.cgi?action=browse&id=FR/PinkoMarketing/RecentChanges&days=3,200,RecentChanges,probier,2026-05-26T15:36:12Z,2026-06-18T20:05:43Z,0,40
20260607083955,https://wikiservice.at/buecher/wiki.cgi?action=browse&id=RecentChanges&days=1,200,RecentChanges,dse,2026-05-26T13:13:21Z,2026-06-22T08:20:14Z,0,75
20260607083955,https://wikiservice.at/buecher/wiki.cgi?action=browse&id=RecentChanges&days=1,200,RecentChanges,fractal,2026-05-26T10:51:00Z,2026-06-22T09:05:32Z,0,41
20260607083955,https://wikiservice.at/buecher/wiki.cgi?action=browse&id=RecentChanges&days=1,200,RecentChanges,probier,2026-05-26T15:36:12Z,2026-06-18T20:05:43Z,0,40
20260607102903,https://www.wikiservice.at/gruender/wiki.cgi?MattisManzel/Context,200,Context,probier,2026-05-26T14:06:45Z,2026-05-26T14:06:45Z,0,1
20260607105027,https://prowiki.org/prowiki/wiki.cgi?action=edit&id=Context&section=4,200,Context,probier,2026-05-26T14:06:45Z,2026-05-26T14:06:45Z,0,1
20260607105206,https://prowiki.org/dse/wiki.cgi?action=editprefs&lang=1&oldid=RecentChanges&id=RecentChanges,200,RecentChanges,dse,2026-05-26T13:13:21Z,2026-06-22T08:20:14Z,0,75
20260607105206,https://prowiki.org/dse/wiki.cgi?action=editprefs&lang=1&oldid=RecentChanges&id=RecentChanges,200,RecentChanges,fractal,2026-05-26T10:51:00Z,2026-06-22T09:05:32Z,0,41
20260607105206,https://prowiki.org/dse/wiki.cgi?action=editprefs&lang=1&oldid=RecentChanges&id=RecentChanges,200,RecentChanges,probier,2026-05-26T15:36:12Z,2026-06-18T20:05:43Z,0,40
20260607111611,https://prowiki.org/prowiki/wiki.cgi?AutomaticSubpages/Context,200,Context,probier,2026-05-26T14:06:45Z,2026-05-26T14:06:45Z,0,1
20260607112550,https://prowiki.org/prowiki/wiki.cgi?Demo/Context,200,Context,probier,2026-05-26T14:06:45Z,2026-05-26T14:06:45Z,0,1
20260607113937,https://www.wikiservice.at/gruender/wiki.cgi?WillkommenImWiki,200,WillkommenImWiki,dse,2026-06-18T17:15:53Z,2026-07-02T16:46:05Z,0,2327
20260607114545,https://prowiki.org/prowiki/wiki.cgi?action=editprefs&oldid=Context&id=Context,200,Context,probier,2026-05-26T14:06:45Z,2026-05-26T14:06:45Z,0,1
20260607192910,https://prowiki.org/dse/wiki.cgi?action=browse&id=RecentChanges&days=3,200,RecentChanges,dse,2026-05-26T13:13:21Z,2026-06-22T08:20:14Z,0,75
20260607192910,https://prowiki.org/dse/wiki.cgi?action=browse&id=RecentChanges&days=3,200,RecentChanges,fractal,2026-05-26T10:51:00Z,2026-06-22T09:05:32Z,0,41
20260607192910,https://prowiki.org/dse/wiki.cgi?action=browse&id=RecentChanges&days=3,200,RecentChanges,probier,2026-05-26T15:36:12Z,2026-06-18T20:05:43Z,0,40
20260607193128,https://prowiki.org/fractal/wiki.cgi?action=browse&id=WikiGlossaire/RecentChanges&from=,200,RecentChanges,dse,2026-05-26T13:13:21Z,2026-06-22T08:20:14Z,0,75
20260607193128,https://prowiki.org/fractal/wiki.cgi?action=browse&id=WikiGlossaire/RecentChanges&from=,200,RecentChanges,fractal,2026-05-26T10:51:00Z,2026-06-22T09:05:32Z,0,41
20260607193128,https://prowiki.org/fractal/wiki.cgi?action=browse&id=WikiGlossaire/RecentChanges&from=,200,RecentChanges,probier,2026-05-26T15:36:12Z,2026-06-18T20:05:43Z,0,40
20260607193831,https://www.wikiservice.at/gruender/wiki.cgi?Landwirtschaft%D6kologie/Context,200,Context,probier,2026-05-26T14:06:45Z,2026-05-26T14:06:45Z,0,1
20260607201657,https://www.wikiservice.at/gruender/wiki.cgi?ChristopheDucamp/Context,200,Context,probier,2026-05-26T14:06:45Z,2026-05-26T14:06:45Z,0,1
20260607203418,https://prowiki.org/prowiki/wiki.cgi?search=StartSeite&title=off&word=on&case=on,200,StartSeite,dse,2026-05-26T11:27:48Z,2026-06-22T19:28:18Z,0,456
20260607203418,https://prowiki.org/prowiki/wiki.cgi?search=StartSeite&title=off&word=on&case=on,200,StartSeite,probier,2026-05-26T14:14:20Z,2026-05-26T14:14:20Z,0,1
20260607203418,https://prowiki.org/prowiki/wiki.cgi?search=StartSeite&title=off&word=on&case=on,200,Startseite,dse,2026-06-20T21:32:10Z,2026-06-20T21:32:10Z,0,1
20260607203430,https://www.wikiservice.at/gruender/wiki.cgi?WorkBench/HwO/Context,200,Context,probier,2026-05-26T14:06:45Z,2026-05-26T14:06:45Z,0,1
20260607204515,https://prowiki.org/prowiki/wiki.cgi?action=edit&id=Context&section=5,200,Context,probier,2026-05-26T14:06:45Z,2026-05-26T14:06:45Z,0,1
20260608104642,https://wikiservice.at/fractal/wiki.cgi?GlossaireTechnique/RecentChanges,200,RecentChanges,dse,2026-05-26T13:13:21Z,2026-06-22T08:20:14Z,0,75
20260608104642,https://wikiservice.at/fractal/wiki.cgi?GlossaireTechnique/RecentChanges,200,RecentChanges,fractal,2026-05-26T10:51:00Z,2026-06-22T09:05:32Z,0,41
20260608104642,https://wikiservice.at/fractal/wiki.cgi?GlossaireTechnique/RecentChanges,200,RecentChanges,probier,2026-05-26T15:36:12Z,2026-06-18T20:05:43Z,0,40
20260608105749,https://wikiservice.at/support/wiki.cgi?FranceR%E9gions/Context,200,Context,probier,2026-05-26T14:06:45Z,2026-05-26T14:06:45Z,0,1
20260608113223,https://wikiservice.at/support/wiki.cgi?action=edit&id=Context&section=3,200,Context,probier,2026-05-26T14:06:45Z,2026-05-26T14:06:45Z,0,1
20260608113650,https://wikiservice.at/fractal/wiki.cgi?DossierProjets/Context,200,Context,probier,2026-05-26T14:06:45Z,2026-05-26T14:06:45Z,0,1
20260608120310,https://wikiservice.at/fractal/wiki.cgi?action=browse&id=FR/ConstruireDesBlocs/RecentChanges&days=3,200,RecentChanges,dse,2026-05-26T13:13:21Z,2026-06-22T08:20:14Z,0,75
20260608120310,https://wikiservice.at/fractal/wiki.cgi?action=browse&id=FR/ConstruireDesBlocs/RecentChanges&days=3,200,RecentChanges,fractal,2026-05-26T10:51:00Z,2026-06-22T09:05:32Z,0,41
20260608120310,https://wikiservice.at/fractal/wiki.cgi?action=browse&id=FR/ConstruireDesBlocs/RecentChanges&days=3,200,RecentChanges,probier,2026-05-26T15:36:12Z,2026-06-18T20:05:43Z,0,40
20260608120950,https://wikiservice.at/fractal/wiki.cgi?action=browse&id=EN/SandWiki/RecentChanges&days=30,200,RecentChanges,dse,2026-05-26T13:13:21Z,2026-06-22T08:20:14Z,0,75
20260608120950,https://wikiservice.at/fractal/wiki.cgi?action=browse&id=EN/SandWiki/RecentChanges&days=30,200,RecentChanges,fractal,2026-05-26T10:51:00Z,2026-06-22T09:05:32Z,0,41
20260608120950,https://wikiservice.at/fractal/wiki.cgi?action=browse&id=EN/SandWiki/RecentChanges&days=30,200,RecentChanges,probier,2026-05-26T15:36:12Z,2026-06-18T20:05:43Z,0,40
20260608121239,https://wikiservice.at/fractal/wiki.cgi?action=browse&id=FR/PinkoMarketing/SafariPhoto/RecentChanges&days=30,200,RecentChanges,dse,2026-05-26T13:13:21Z,2026-06-22T08:20:14Z,0,75
20260608121239,https://wikiservice.at/fractal/wiki.cgi?action=browse&id=FR/PinkoMarketing/SafariPhoto/RecentChanges&days=30,200,RecentChanges,fractal,2026-05-26T10:51:00Z,2026-06-22T09:05:32Z,0,41
20260608121239,https://wikiservice.at/fractal/wiki.cgi?action=browse&id=FR/PinkoMarketing/SafariPhoto/RecentChanges&days=30,200,RecentChanges,probier,2026-05-26T15:36:12Z,2026-06-18T20:05:43Z,0,40
20260608200050,https://wikiservice.at/fractal/wiki.cgi?action=editprefs&lang=2&oldid=FR/ClaimID/RecentChanges&id=FR/ClaimID/RecentChanges,200,RecentChanges,dse,2026-05-26T13:13:21Z,2026-06-22T08:20:14Z,0,75
20260608200050,https://wikiservice.at/fractal/wiki.cgi?action=editprefs&lang=2&oldid=FR/ClaimID/RecentChanges&id=FR/ClaimID/RecentChanges,200,RecentChanges,fractal,2026-05-26T10:51:00Z,2026-06-22T09:05:32Z,0,41
20260608200050,https://wikiservice.at/fractal/wiki.cgi?action=editprefs&lang=2&oldid=FR/ClaimID/RecentChanges&id=FR/ClaimID/RecentChanges,200,RecentChanges,probier,2026-05-26T15:36:12Z,2026-06-18T20:05:43Z,0,40
20260608200525,https://wikiservice.at/prowiki/wiki.cgi?action=edit&id=Admin/TemplateTest/Context&section=1,200,Context,probier,2026-05-26T14:06:45Z,2026-05-26T14:06:45Z,0,1
20260608200849,https://wikiservice.at/fractal/wiki.cgi?action=browse&id=ChristopheDucamp/RecentChanges&days=2,200,RecentChanges,dse,2026-05-26T13:13:21Z,2026-06-22T08:20:14Z,0,75
20260608200849,https://wikiservice.at/fractal/wiki.cgi?action=browse&id=ChristopheDucamp/RecentChanges&days=2,200,RecentChanges,fractal,2026-05-26T10:51:00Z,2026-06-22T09:05:32Z,0,41
20260608200849,https://wikiservice.at/fractal/wiki.cgi?action=browse&id=ChristopheDucamp/RecentChanges&days=2,200,RecentChanges,probier,2026-05-26T15:36:12Z,2026-06-18T20:05:43Z,0,40
20260608202123,https://wikiservice.at/support/wiki.cgi?action=edit&id=TestSeite&section=28,200,TestSeite,dse,2026-05-26T14:31:27Z,2026-06-22T08:42:22Z,0,238
20260608202323,https://wikiservice.at/fractal/wiki.cgi?FR/LesOiesSauvages/Context,200,Context,probier,2026-05-26T14:06:45Z,2026-05-26T14:06:45Z,0,1
20260608202533,https://wikiservice.at/fractal/wiki.cgi?action=browse&id=FR/WikiUp/RecentChanges&days=1,200,RecentChanges,dse,2026-05-26T13:13:21Z,2026-06-22T08:20:14Z,0,75
20260608202533,https://wikiservice.at/fractal/wiki.cgi?action=browse&id=FR/WikiUp/RecentChanges&days=1,200,RecentChanges,fractal,2026-05-26T10:51:00Z,2026-06-22T09:05:32Z,0,41
20260608202533,https://wikiservice.at/fractal/wiki.cgi?action=browse&id=FR/WikiUp/RecentChanges&days=1,200,RecentChanges,probier,2026-05-26T15:36:12Z,2026-06-18T20:05:43Z,0,40
20260608204619,https://wikiservice.at/prowiki/wiki.cgi?action=editprefs&oldid=SandBox/Context&id=SandBox/Context,200,Context,probier,2026-05-26T14:06:45Z,2026-05-26T14:06:45Z,0,1
20260608204704,https://wikiservice.at/fractal/wiki.cgi?action=browse&id=FR/NouvellesD%E9marchesCoop%E9ratives/RecentChanges&days=1,200,RecentChanges,dse,2026-05-26T13:13:21Z,2026-06-22T08:20:14Z,0,75
20260608204704,https://wikiservice.at/fractal/wiki.cgi?action=browse&id=FR/NouvellesD%E9marchesCoop%E9ratives/RecentChanges&days=1,200,RecentChanges,fractal,2026-05-26T10:51:00Z,2026-06-22T09:05:32Z,0,41
20260608204704,https://wikiservice.at/fractal/wiki.cgi?action=browse&id=FR/NouvellesD%E9marchesCoop%E9ratives/RecentChanges&days=1,200,RecentChanges,probier,2026-05-26T15:36:12Z,2026-06-18T20:05:43Z,0,40
20260608205122,https://wikiservice.at/fractal/wiki.cgi?action=edit&id=EN/BarCampBank/Context&section=20,200,Context,probier,2026-05-26T14:06:45Z,2026-05-26T14:06:45Z,0,1
20260608205207,https://wikiservice.at/fractal/wiki.cgi?action=browse&id=Wikis/Francais/TestPage/SousSousWiki/RecentChanges&days=1,200,RecentChanges,dse,2026-05-26T13:13:21Z,2026-06-22T08:20:14Z,0,75
20260608205207,https://wikiservice.at/fractal/wiki.cgi?action=browse&id=Wikis/Francais/TestPage/SousSousWiki/RecentChanges&days=1,200,RecentChanges,fractal,2026-05-26T10:51:00Z,2026-06-22T09:05:32Z,0,41
20260608205207,https://wikiservice.at/fractal/wiki.cgi?action=browse&id=Wikis/Francais/TestPage/SousSousWiki/RecentChanges&days=1,200,RecentChanges,probier,2026-05-26T15:36:12Z,2026-06-18T20:05:43Z,0,40
20260608205230,https://wikiservice.at/fractal/wiki.cgi?action=browse&id=ChristopheDucamp/TestGabaritLaurent/RecentChanges&days=7,200,RecentChanges,dse,2026-05-26T13:13:21Z,2026-06-22T08:20:14Z,0,75
20260608205230,https://wikiservice.at/fractal/wiki.cgi?action=browse&id=ChristopheDucamp/TestGabaritLaurent/RecentChanges&days=7,200,RecentChanges,fractal,2026-05-26T10:51:00Z,2026-06-22T09:05:32Z,0,41
20260608205230,https://wikiservice.at/fractal/wiki.cgi?action=browse&id=ChristopheDucamp/TestGabaritLaurent/RecentChanges&days=7,200,RecentChanges,probier,2026-05-26T15:36:12Z,2026-06-18T20:05:43Z,0,40
20260608205417,https://wikiservice.at/fractal/wiki.cgi?action=editprefs&oldid=EN/BankingVRM/RecentChanges&id=EN/BankingVRM/RecentChanges,200,RecentChanges,dse,2026-05-26T13:13:21Z,2026-06-22T08:20:14Z,0,75
20260608205417,https://wikiservice.at/fractal/wiki.cgi?action=editprefs&oldid=EN/BankingVRM/RecentChanges&id=EN/BankingVRM/RecentChanges,200,RecentChanges,fractal,2026-05-26T10:51:00Z,2026-06-22T09:05:32Z,0,41
20260608205417,https://wikiservice.at/fractal/wiki.cgi?action=editprefs&oldid=EN/BankingVRM/RecentChanges&id=EN/BankingVRM/RecentChanges,200,RecentChanges,probier,2026-05-26T15:36:12Z,2026-06-18T20:05:43Z,0,40
20260608205459,https://wikiservice.at/gruender/wiki.cgi?action=browse&id=RecentChanges&days=2,200,RecentChanges,dse,2026-05-26T13:13:21Z,2026-06-22T08:20:14Z,0,75
20260608205459,https://wikiservice.at/gruender/wiki.cgi?action=browse&id=RecentChanges&days=2,200,RecentChanges,fractal,2026-05-26T10:51:00Z,2026-06-22T09:05:32Z,0,41
20260608205459,https://wikiservice.at/gruender/wiki.cgi?action=browse&id=RecentChanges&days=2,200,RecentChanges,probier,2026-05-26T15:36:12Z,2026-06-18T20:05:43Z,0,40
20260608205924,https://wikiservice.at/prowiki/wiki.cgi?Admin/Template/Context,200,Context,probier,2026-05-26T14:06:45Z,2026-05-26T14:06:45Z,0,1
20260608205942,https://wikiservice.at/dict/es/wiki.cgi?action=browse&id=RecentChanges&days=7,200,RecentChanges,dse,2026-05-26T13:13:21Z,2026-06-22T08:20:14Z,0,75
20260608205942,https://wikiservice.at/dict/es/wiki.cgi?action=browse&id=RecentChanges&days=7,200,RecentChanges,fractal,2026-05-26T10:51:00Z,2026-06-22T09:05:32Z,0,41
20260608205942,https://wikiservice.at/dict/es/wiki.cgi?action=browse&id=RecentChanges&days=7,200,RecentChanges,probier,2026-05-26T15:36:12Z,2026-06-18T20:05:43Z,0,40
20260609110438,https://prowiki.org/dse/wiki.cgi?AgentRspaceSlashAnchorsQ7628,200,AgentRspaceSlashAnchorsQ7628,dse,2026-05-28T17:42:49Z,2026-05-28T17:42:49Z,0,1
20260609110823,https://prowiki.org/dse/wiki.cgi?AgentClarkNewsletterRefDX,200,AgentClarkNewsletterRefDX,dse,2026-06-01T14:43:12Z,2026-06-01T14:43:12Z,0,1
20260609111111,https://prowiki.org/dse/wiki.cgi?TempRdr4ABC,200,TempRdr4ABC,dse,2026-05-26T16:02:52Z,2026-05-26T16:02:52Z,0,1
20260609111215,https://prowiki.org/dse/wiki.cgi?AgentClarkCorsEncodedFinalReadersWQ741,200,AgentClarkCorsEncodedFinalReadersWQ741,dse,2026-06-01T14:39:06Z,2026-06-01T14:39:06Z,0,1
20260609111311,https://prowiki.org/dse/wiki.cgi?AgentDailyRowsSecondBWAQZ84151,200,AgentDailyRowsSecondBWAQZ84151,dse,2026-05-28T21:06:46Z,2026-05-28T21:06:46Z,0,1
20260609111432,https://prowiki.org/dse/wiki.cgi?AgentXMLCatalogPartFourTextLinksZZ,200,AgentXMLCatalogPartFourTextLinksZZ,dse,2026-05-28T14:18:29Z,2026-05-28T14:18:29Z,0,1
20260609111611,https://prowiki.org/dse/wiki.cgi?AgentClarkMetaEncodedB0199,200,AgentClarkMetaEncodedB0199,dse,2026-06-01T15:07:35Z,2026-06-01T15:07:35Z,0,1
20260609111653,https://prowiki.org/dse/wiki.cgi?AgentClarkMetaTitlesC01992,200,AgentClarkMetaTitlesC01992,dse,2026-06-01T15:09:51Z,2026-06-18T18:44:35Z,0,2
20260609111731,https://prowiki.org/dse/wiki.cgi?AgentYahooCtxModesKk,200,AgentYahooCtxModesKk,dse,2026-05-28T20:33:56Z,2026-05-28T20:33:56Z,0,1
20260609111807,https://prowiki.org/dse/wiki.cgi?AgentClarkNewsletterCitationJYV78415,200,AgentClarkNewsletterCitationJYV78415,dse,2026-06-01T14:25:18Z,2026-06-01T14:25:18Z,0,1
20260609111902,https://www.wikiservice.at/fractal/wiki.cgi?TestSeite,200,TestSeite,dse,2026-05-26T14:31:27Z,2026-06-22T08:42:22Z,0,238
20260609111924,https://prowiki.org/dse/wiki.cgi?SandboxAgentCharlRSpaceSlashAnchorX2026,200,SandboxAgentCharlRSpaceSlashAnchorX2026,dse,2026-05-28T13:48:24Z,2026-05-28T13:48:24Z,0,1
20260609112008,https://prowiki.org/dse/wiki.cgi?AgentCallorTest,200,AgentCallorTest,dse,2026-06-01T23:42:37Z,2026-06-18T19:27:49Z,0,9
20260609112140,https://prowiki.org/dse/wiki.cgi?AgentYahooUsHtmlTestTtt,200,AgentYahooUsHtmlTestTtt,dse,2026-05-28T23:03:58Z,2026-05-28T23:03:58Z,0,1
20260609112230,https://prowiki.org/dse/wiki.cgi?AgentDirectSimpleTryXZ,200,AgentDirectSimpleTryXZ,dse,2026-05-28T01:12:54Z,2026-06-22T03:02:59Z,0,2
20260609112312,https://prowiki.org/dse/wiki.cgi?AgentYahooPureMdHistLinksXx,200,AgentYahooPureMdHistLinksXx,dse,2026-05-29T00:00:54Z,2026-05-29T00:00:54Z,0,1
20260609112357,https://prowiki.org/dse/wiki.cgi?AgentOurTempleNorthBostonX1,200,AgentOurTempleNorthBostonX1,dse,2026-05-31T22:39:47Z,2026-05-31T22:39:47Z,0,1
20260609112434,https://prowiki.org/dse/wiki.cgi?AgentAltTbRefs25596416,200,AgentAltTbRefs25596416,dse,2026-05-29T22:40:19Z,2026-05-29T22:40:19Z,0,1
20260609112607,https://prowiki.org/dse/wiki.cgi?AgentClarkFilteredReadersZ900,200,AgentClarkFilteredReadersZ900,dse,2026-06-01T14:05:56Z,2026-06-01T14:05:56Z,0,1
20260609112707,https://prowiki.org/dse/wiki.cgi?AgentZeroJSONCatalogLinksCharlPartFour756113,200,AgentZeroJSONCatalogLinksCharlPartFour756113,dse,2026-05-28T14:17:56Z,2026-05-28T14:17:56Z,0,1
20260609112734,https://prowiki.org/dse/wiki.cgi?AgentClarkMemExactCitationsN701,200,AgentClarkMemExactCitationsN701,dse,2026-06-01T14:43:26Z,2026-06-01T14:43:26Z,0,1
20260609112800,https://prowiki.org/dse/wiki.cgi?TBTestY1,200,TBTestY1,dse,2026-05-29T23:05:55Z,2026-05-29T23:05:55Z,0,1
20260609112825,https://prowiki.org/dse/wiki.cgi?AgentClarkEconomicsLinksX2,200,AgentClarkEconomicsLinksX2,dse,2026-06-01T12:47:14Z,2026-06-22T02:43:12Z,0,2
20260609113045,https://prowiki.org/dse/wiki.cgi?AgentCofcCatEntriesP4LinksSmallOne,200,AgentCofcCatEntriesP4LinksSmallOne,dse,2026-05-28T15:23:31Z,2026-05-28T15:23:31Z,0,1
20260609113138,https://prowiki.org/dse/wiki.cgi?AgentCorsArchiveMetadataLinksF,200,AgentCorsArchiveMetadataLinksF,dse,2026-05-28T14:57:54Z,2026-05-28T14:57:54Z,0,1
20260609113205,https://prowiki.org/dse/wiki.cgi?AgentTBValuesXYZ19090,200,AgentTBValuesXYZ19090,dse,2026-05-29T19:33:33Z,2026-05-29T19:33:33Z,0,1
20260609113259,https://prowiki.org/dse/wiki.cgi?AgentYahooApiConvertIi,200,AgentYahooApiConvertIi,dse,2026-05-28T19:23:31Z,2026-05-28T19:23:31Z,0,1
20260609113324,https://prowiki.org/dse/wiki.cgi?AgentClarkMemGoodFiveSixPDFLinkXX99321,200,AgentClarkMemGoodFiveSixPDFLinkXX99321,dse,2026-06-01T15:05:36Z,2026-06-01T15:05:36Z,0,1
20260609113349,https://prowiki.org/dse/wiki.cgi?AgentShortJsonDataLinkV4,200,AgentShortJsonDataLinkV4,dse,2026-05-28T01:09:00Z,2026-06-22T08:50:27Z,0,3
20260609113419,https://prowiki.org/dse/wiki.cgi?AgentBabylonHS,200,AgentBabylonHS,dse,2026-06-01T23:48:15Z,2026-06-18T19:29:06Z,0,5
20260609113454,https://prowiki.org/dse/wiki.cgi?AgentEconCorsPureNestedQ78119,200,AgentEconCorsPureNestedQ78119,dse,2026-06-01T14:33:15Z,2026-06-01T14:33:15Z,0,1
20260609113537,https://prowiki.org/dse/wiki.cgi?AgentClarkLongLinkZ,200,AgentClarkLongLinkZ,dse,2026-06-01T14:40:54Z,2026-06-01T14:40:54Z,0,1
20260609113619,https://prowiki.org/dse/wiki.cgi?AgentClarkJqpCorrectEncodedAA91,200,AgentClarkJqpCorrectEncodedAA91,dse,2026-06-01T14:35:43Z,2026-06-01T14:35:43Z,0,1
20260609113656,https://prowiki.org/dse/wiki.cgi?PdfAccessBridge,200,PdfAccessBridge,dse,2026-05-26T16:39:53Z,2026-06-18T18:43:05Z,0,2
20260609113757,https://prowiki.org/dse/wiki.cgi?AgentClarkPDFLinksRenderF9912,200,AgentClarkPDFLinksRenderF9912,dse,2026-06-01T14:43:58Z,2026-06-01T14:43:58Z,0,1
20260609113825,https://prowiki.org/dse/wiki.cgi?action=browse&id=RecentChanges&from=1780442658,200,RecentChanges,dse,2026-05-26T13:13:21Z,2026-06-22T08:20:14Z,0,75
20260609113825,https://prowiki.org/dse/wiki.cgi?action=browse&id=RecentChanges&from=1780442658,200,RecentChanges,fractal,2026-05-26T10:51:00Z,2026-06-22T09:05:32Z,0,41
20260609113825,https://prowiki.org/dse/wiki.cgi?action=browse&id=RecentChanges&from=1780442658,200,RecentChanges,probier,2026-05-26T15:36:12Z,2026-06-18T20:05:43Z,0,40
20260609113851,https://prowiki.org/dse/wiki.cgi?AgentImageCaptionsAlternateRouteY818,200,AgentImageCaptionsAlternateRouteY818,dse,2026-05-28T14:12:43Z,2026-05-28T14:12:43Z,0,1
20260609113916,https://prowiki.org/dse/wiki.cgi?ConverterNoSchemeLinks,200,ConverterNoSchemeLinks,dse,2026-05-26T16:19:42Z,2026-05-26T16:19:42Z,0,1
20260609114033,https://prowiki.org/dse/wiki.cgi?AgentClarkMetaCitationsCreatedByA01Z,200,AgentClarkMetaCitationsCreatedByA01Z,dse,2026-06-01T15:06:09Z,2026-06-01T15:06:09Z,0,1
20260609114125,https://prowiki.org/dse/wiki.cgi?AgentYahooLinksSetFf,200,AgentYahooLinksSetFf,dse,2026-05-28T19:13:55Z,2026-05-28T19:13:55Z,0,1
20260609114212,https://prowiki.org/dse/wiki.cgi?AgentClarkNewsletterReaderLinksCFJuneV3,200,AgentClarkNewsletterReaderLinksCFJuneV3,dse,2026-06-01T14:35:09Z,2026-06-01T14:35:09Z,0,1
20260609114221,https://www.wikiservice.at/gruender/wiki.cgi?action=multilink&id=StartSeite&link=OnlineCommunity,200,StartSeite,dse,2026-05-26T11:27:48Z,2026-06-22T19:28:18Z,0,456
20260609114221,https://www.wikiservice.at/gruender/wiki.cgi?action=multilink&id=StartSeite&link=OnlineCommunity,200,StartSeite,probier,2026-05-26T14:14:20Z,2026-05-26T14:14:20Z,0,1
20260609114221,https://www.wikiservice.at/gruender/wiki.cgi?action=multilink&id=StartSeite&link=OnlineCommunity,200,Startseite,dse,2026-06-20T21:32:10Z,2026-06-20T21:32:10Z,0,1
20260609114234,https://prowiki.org/dse/wiki.cgi?AgentYahooJqFormattedListPq,200,AgentYahooJqFormattedListPq,dse,2026-05-28T22:26:30Z,2026-05-28T22:26:30Z,0,1
20260609114344,https://prowiki.org/dse/wiki.cgi?AgentClarkEcon006Test,200,AgentClarkEcon006Test,dse,2026-06-01T15:51:17Z,2026-06-18T18:52:51Z,0,3
20260609114428,https://prowiki.org/dse/wiki.cgi?QuarterlyAccessibleReports2023,200,QuarterlyAccessibleReports2023,dse,2026-05-26T16:43:30Z,2026-06-18T14:33:35Z,0,2
20260609114520,https://prowiki.org/dse/wiki.cgi?FooAsciitest,200,FooAsciitest,dse,2026-05-26T16:18:27Z,2026-05-26T16:18:27Z,0,1
20260609114551,https://prowiki.org/dse/wiki.cgi?AsciiBridgeTarget075,200,AsciiBridgeTarget075,dse,2026-05-26T15:44:43Z,2026-06-22T00:00:29Z,0,9
20260609114621,https://prowiki.org/dse/wiki.cgi?FreshBridgeWindowNext,200,FreshBridgeWindowNext,dse,2026-05-26T16:25:16Z,2026-05-26T16:25:16Z,0,1
20260609114649,https://prowiki.org/dse/wiki.cgi?AgentKProxyMuseumIIIFLinksPT4Z,200,AgentKProxyMuseumIIIFLinksPT4Z,dse,2026-05-28T13:29:00Z,2026-05-28T13:29:00Z,0,1
20260609114840,https://prowiki.org/dse/wiki.cgi?AgentYahooMarkerUniqueRr,200,AgentYahooMarkerUniqueRr,dse,2026-05-28T20:51:35Z,2026-05-28T20:51:35Z,0,1
20260609115022,https://prowiki.org/dse/wiki.cgi?AgentFinalEncodedClarkSourceDot,200,AgentFinalEncodedClarkSourceDot,dse,2026-06-01T14:40:54Z,2026-06-01T14:40:54Z,0,1
20260609115140,https://prowiki.org/dse/wiki.cgi?AgentQuoteRowsHostTwoRRZ91537,200,AgentQuoteRowsHostTwoRRZ91537,dse,2026-05-28T21:19:40Z,2026-05-28T21:19:40Z,0,1
20260609115234,https://prowiki.org/dse/wiki.cgi?AgentQuoteRowsConversionGatewayTTX55381,200,AgentQuoteRowsConversionGatewayTTX55381,dse,2026-05-28T21:24:42Z,2026-05-28T21:24:42Z,0,1
20260609115307,https://prowiki.org/dse/wiki.cgi?AgentWindow6ClarkFullPdfLinksN6622,200,AgentWindow6ClarkFullPdfLinksN6622,dse,2026-06-01T14:41:12Z,2026-06-01T14:41:12Z,0,1
20260609115406,https://prowiki.org/dse/wiki.cgi?AgentMineTestZ4829,200,AgentMineTestZ4829,dse,2026-05-28T13:27:13Z,2026-05-28T13:27:13Z,0,1
20260609115444,https://prowiki.org/dse/wiki.cgi?TempExtRedirectZZ,200,TempExtRedirectZZ,dse,2026-05-26T16:07:38Z,2026-05-26T16:07:38Z,0,1
20260609115559,https://prowiki.org/dse/wiki.cgi?TempRdr3ABC,200,TempRdr3ABC,dse,2026-05-26T16:02:43Z,2026-05-26T16:02:43Z,0,1
20260609115810,https://prowiki.org/dse/wiki.cgi?AgentHubCatalogCandidateEntriesSetK49,200,AgentHubCatalogCandidateEntriesSetK49,dse,2026-05-28T14:58:48Z,2026-05-28T14:58:48Z,0,1
20260609115839,https://prowiki.org/dse/wiki.cgi?AgentPublicCatalogItPhotoRecordsLinksFinalZ2026,200,AgentPublicCatalogItPhotoRecordsLinksFinalZ2026,dse,2026-05-28T14:18:30Z,2026-05-28T14:18:30Z,0,1
20260609115908,https://prowiki.org/dse/wiki.cgi?AgentNewTry2,200,AgentNewTry2,dse,2026-05-27T13:00:37Z,2026-05-27T13:00:37Z,0,1
20260609115939,https://prowiki.org/dse/wiki.cgi?AgentClarkMem8ReaderPDFZT7710,200,AgentClarkMem8ReaderPDFZT7710,dse,2026-06-01T14:53:29Z,2026-06-01T14:53:29Z,0,1
20260609120015,https://prowiki.org/dse/wiki.cgi?AgentClarkJqpEncodedEndpointWW91,200,AgentClarkJqpEncodedEndpointWW91,dse,2026-06-01T14:33:59Z,2026-06-01T14:33:59Z,0,1
20260609120502,https://prowiki.org/dse/wiki.cgi?AgentZeroEightManifestSubsetCorrectPercentTwentyB,200,AgentZeroEightManifestSubsetCorrectPercentTwentyB,dse,2026-05-28T13:38:55Z,2026-05-28T13:38:55Z,0,1
20260609120531,https://prowiki.org/dse/wiki.cgi?AgentClarkEcoProxyTests2,200,AgentClarkEcoProxyTests2,dse,2026-06-01T13:03:10Z,2026-06-01T13:03:10Z,0,1
20260609120558,https://prowiki.org/dse/wiki.cgi?AgentMDLSrcCollection03051,200,AgentMDLSrcCollection03051,dse,2026-05-30T21:58:51Z,2026-05-30T21:58:51Z,0,1
20260609120624,https://prowiki.org/dse/wiki.cgi?OpenDataCitationRouteABC9,200,OpenDataCitationRouteABC9,dse,2026-05-26T16:29:20Z,2026-05-26T16:29:20Z,0,1
20260609120742,https://prowiki.org/dse/wiki.cgi?AgentYahooDirectCheckCc,200,AgentYahooDirectCheckCc,dse,2026-05-28T19:07:28Z,2026-05-28T19:07:28Z,0,1
20260609120837,https://prowiki.org/dse/wiki.cgi?AgentLinkEnrollmentXQ9,200,AgentLinkEnrollmentXQ9,dse,2026-06-01T03:51:05Z,2026-06-16T22:23:47Z,0,6
20260609120905,https://prowiki.org/dse/wiki.cgi?AgentTBEcuadorYearwiseValuesLinksQuartz,200,AgentTBEcuadorYearwiseValuesLinksQuartz,dse,2026-05-29T23:56:41Z,2026-05-29T23:56:41Z,0,1
20260609120932,https://prowiki.org/dse/wiki.cgi?AgentCallorCohortHS,200,AgentCallorCohortHS,dse,2026-06-01T23:55:39Z,2026-06-18T20:17:16Z,0,3
20260609120956,https://prowiki.org/dse/wiki.cgi?SandboxAgentCharlMIndexJSON2026,200,SandboxAgentCharlMIndexJSON2026,dse,2026-05-28T15:16:04Z,2026-05-28T15:16:04Z,0,1
20260609121021,https://prowiki.org/dse/wiki.cgi?AgentYahooJqpLinksVisibleEf,200,AgentYahooJqpLinksVisibleEf,dse,2026-05-28T22:07:32Z,2026-05-28T22:07:32Z,0,1
20260609121048,https://prowiki.org/dse/wiki.cgi?AgentReferencesRspaceCharlPartFourDirectK366,200,AgentReferencesRspaceCharlPartFourDirectK366,dse,2026-05-28T12:46:27Z,2026-05-28T14:47:48Z,0,5
20260609121257,https://prowiki.org/dse/wiki.cgi?AgentParentSequenceRangeFilterMetadataChi,200,AgentParentSequenceRangeFilterMetadataChi,dse,2026-05-28T16:10:19Z,2026-05-28T16:10:19Z,0,1
20260609121351,https://prowiki.org/dse/wiki.cgi?AgentHcfApiAnchorsNavFreshK90928,200,AgentHcfApiAnchorsNavFreshK90928,dse,2026-05-28T16:32:48Z,2026-05-28T16:32:48Z,0,1
20260609121417,https://prowiki.org/dse/wiki.cgi?AgentArchiveAltLinksTestOneB,200,AgentArchiveAltLinksTestOneB,dse,2026-05-28T12:26:09Z,2026-05-28T12:26:09Z,0,1
20260609121509,https://prowiki.org/dse/wiki.cgi?AgentTBValuesXYZ19094,200,AgentTBValuesXYZ19094,dse,2026-05-29T19:33:37Z,2026-05-29T19:33:37Z,0,1
20260609121535,https://prowiki.org/dse/wiki.cgi?AlternateReferenceFormatsPDF,200,AlternateReferenceFormatsPDF,dse,2026-05-26T16:16:42Z,2026-05-26T16:16:42Z,0,1
20260609121601,https://prowiki.org/dse/wiki.cgi?AgentAAftonSafe,200,AgentAAftonSafe,dse,2026-06-01T23:55:56Z,2026-06-18T19:34:19Z,0,5
20260609121655,https://prowiki.org/dse/wiki.cgi?AgentHubCharlestonLinksUniqueQ00527,200,AgentHubCharlestonLinksUniqueQ00527,dse,2026-05-28T15:51:58Z,2026-05-28T15:51:58Z,0,1
20260609121721,https://prowiki.org/dse/wiki.cgi?TmpAgentWin9FilteredSequenceNoSpaceB731,200,TmpAgentWin9FilteredSequenceNoSpaceB731,dse,2026-05-28T14:06:16Z,2026-05-28T14:06:16Z,0,1
20260609121808,https://prowiki.org/dse/wiki.cgi?AgentDataUsaSourceLinkR1,200,AgentDataUsaSourceLinkR1,dse,2026-05-28T00:44:12Z,2026-05-28T00:44:12Z,0,1
20260609121859,https://prowiki.org/dse/wiki.cgi?AgentYahooApiRetryTt,200,AgentYahooApiRetryTt,dse,2026-05-28T23:46:27Z,2026-05-28T23:46:27Z,0,1
20260609121924,https://prowiki.org/dse/wiki.cgi?AgentYahooJqShortFormatPageIj,200,AgentYahooJqShortFormatPageIj,dse,2026-05-28T22:21:33Z,2026-05-28T22:21:33Z,0,1
20260609121947,https://prowiki.org/dse/wiki.cgi?AgentDirectLongGoodY,200,AgentDirectLongGoodY,dse,2026-05-28T01:13:48Z,2026-05-28T01:13:48Z,0,1
20260609122033,https://prowiki.org/dse/wiki.cgi?AgentArchiveFilteredReadablePartFourSliceY9,200,AgentArchiveFilteredReadablePartFourSliceY9,dse,2026-05-28T13:55:28Z,2026-05-28T13:55:28Z,0,1
20260609122116,https://prowiki.org/dse/wiki.cgi?TmpAgentWin8QMakeLinks936,200,TmpAgentWin8QMakeLinks936,dse,2026-05-28T13:30:35Z,2026-05-28T13:30:35Z,0,1
20260609122138,https://prowiki.org/dse/wiki.cgi?AgentOursClark8891,200,AgentOursClark8891,dse,2026-06-01T14:56:58Z,2026-06-18T18:53:57Z,0,2
20260609122159,https://prowiki.org/dse/wiki.cgi?AgentClarkEcoProxyTests3,200,AgentClarkEcoProxyTests3,dse,2026-06-01T13:05:25Z,2026-06-01T13:05:25Z,0,1
20260609122240,https://prowiki.org/dse/wiki.cgi?AgentClarkPDFCorsRawLinksV922,200,AgentClarkPDFCorsRawLinksV922,dse,2026-06-01T14:48:07Z,2026-06-01T14:48:07Z,0,1
20260609122301,https://prowiki.org/dse/wiki.cgi?EconNewsletterClarkSources,200,EconNewsletterClarkSources,dse,2026-06-01T14:33:04Z,2026-06-01T14:33:04Z,0,1
20260609122407,https://prowiki.org/dse/wiki.cgi?AgentMinnDigitalLinksUniqueQ99872,200,AgentMinnDigitalLinksUniqueQ99872,dse,2026-05-30T17:15:26Z,2026-05-30T17:15:26Z,0,1
20260609122550,https://prowiki.org/dse/wiki.cgi?SandboxLinkTest2,200,SandboxLinkTest2,dse,2026-05-26T16:16:00Z,2026-05-26T16:16:00Z,0,1
20260609122609,https://prowiki.org/dse/wiki.cgi?AgentZeroEightLibraryManifestFilteredPart4Charleston,200,AgentZeroEightLibraryManifestFilteredPart4Charleston,dse,2026-05-28T13:37:32Z,2026-05-28T13:37:32Z,0,1
20260609122740,https://prowiki.org/dse/wiki.cgi?AgentNumAgentTryPage,200,AgentNumAgentTryPage,dse,2026-05-30T19:49:36Z,2026-05-30T19:49:36Z,0,1
20260609122758,https://prowiki.org/dse/wiki.cgi?AgentZeroImageCaptionReaderExactPlatesCharl4,200,AgentZeroImageCaptionReaderExactPlatesCharl4,dse,2026-05-28T14:44:17Z,2026-05-28T14:44:17Z,0,1
20260609122907,https://prowiki.org/dse/wiki.cgi?AgentDataUsaUnique5,200,AgentDataUsaUnique5,dse,2026-06-01T16:03:04Z,2026-06-18T18:15:46Z,0,3
20260609122955,https://prowiki.org/dse/wiki.cgi?AgentDMItemInfoRefsMX30,200,AgentDMItemInfoRefsMX30,dse,2026-05-30T22:27:04Z,2026-05-30T22:27:04Z,0,1
20260609123056,https://prowiki.org/dse/wiki.cgi?TempAgentProbeXYZ,200,TempAgentProbeXYZ,dse,2026-05-26T16:10:01Z,2026-05-26T16:10:01Z,0,1
20260609123317,https://prowiki.org/dse/wiki.cgi?AgentNineCorsmirrorJsonRefs1779985632,200,AgentNineCorsmirrorJsonRefs1779985632,dse,2026-05-28T16:27:16Z,2026-05-28T16:27:16Z,0,1
20260609123355,https://prowiki.org/dse/wiki.cgi?AgentJqpShortRedirectArchivePQ76319,200,AgentJqpShortRedirectArchivePQ76319,dse,2026-05-28T23:44:13Z,2026-05-28T23:44:13Z,0,1
20260609123535,https://prowiki.org/dse/wiki.cgi?QuarterApiRouteDirectLinkXY901,200,QuarterApiRouteDirectLinkXY901,dse,2026-05-26T16:38:28Z,2026-06-18T20:35:53Z,0,3
20260609123543,https://prowiki.org/dse/wiki.cgi?AgentClarkTextReadersNQ88,200,AgentClarkTextReadersNQ88,dse,2026-06-01T13:59:19Z,2026-06-01T13:59:19Z,0,1
20260609123723,https://prowiki.org/dse/wiki.cgi?RedirectTryPageX2,200,RedirectTryPageX2,dse,2026-05-26T16:16:06Z,2026-05-26T16:16:06Z,0,1
20260609123808,https://prowiki.org/dse/wiki.cgi?AgentLinksBridge,200,AgentLinksBridge,dse,2026-05-26T10:26:56Z,2026-05-29T23:13:53Z,0,2
20260609123922,https://prowiki.org/dse/wiki.cgi?AgentCharlestonArchiveManifestJsonProxyLinksG,200,AgentCharlestonArchiveManifestJsonProxyLinksG,dse,2026-05-28T13:31:43Z,2026-05-28T13:31:43Z,0,1
20260609124228,https://prowiki.org/dse/wiki.cgi?ZZFooBarDash-Test,200,ZZFooBarDash-Test,dse,2026-06-18T18:04:26Z,2026-06-18T18:04:26Z,0,1
20260609124358,https://prowiki.org/dse/wiki.cgi?AgentZeroTenCofCChildCatalogLinksX,200,AgentZeroTenCofCChildCatalogLinksX,dse,2026-05-28T16:54:21Z,2026-05-28T16:54:21Z,0,1
20260609124449,https://prowiki.org/dse/wiki.cgi?ZZRedirectExternalTest,200,ZZRedirectExternalTest,dse,2026-05-26T16:28:53Z,2026-05-26T16:28:53Z,0,1
20260609124718,https://prowiki.org/dse/wiki.cgi?AgentYahooPureMdHistLinksWw,200,AgentYahooPureMdHistLinksWw,dse,2026-05-29T00:00:16Z,2026-05-29T00:00:16Z,0,1
20260609124756,https://prowiki.org/dse/wiki.cgi?AgentZeroEightDiagnosticsGETA,200,AgentZeroEightDiagnosticsGETA,dse,2026-05-28T14:50:55Z,2026-05-28T14:50:55Z,0,1
20260609233250,https://www.wikiservice.at/fractal/wiki.cgi?EN/Context,200,Context,probier,2026-05-26T14:06:45Z,2026-05-26T14:06:45Z,0,1
20260609233531,https://www.wikiservice.at/fractal/wiki.cgi?Wikis/Deutsch/Context,200,Context,probier,2026-05-26T14:06:45Z,2026-05-26T14:06:45Z,0,1
20260609233615,https://www.wikiservice.at/probier/wiki.cgi?action=browse&id=FederalReportBridge,200,FederalReportBridge,probier,2026-05-26T14:14:57Z,2026-05-29T22:57:15Z,0,6
20260609234027,https://www.wikiservice.at/user/milk/wiki.cgi?action=browse&id=RecentChanges&days=2,200,RecentChanges,dse,2026-05-26T13:13:21Z,2026-06-22T08:20:14Z,0,75
20260609234027,https://www.wikiservice.at/user/milk/wiki.cgi?action=browse&id=RecentChanges&days=2,200,RecentChanges,fractal,2026-05-26T10:51:00Z,2026-06-22T09:05:32Z,0,41
20260609234027,https://www.wikiservice.at/user/milk/wiki.cgi?action=browse&id=RecentChanges&days=2,200,RecentChanges,probier,2026-05-26T15:36:12Z,2026-06-18T20:05:43Z,0,40
20260609234053,https://prowiki.org/prowiki/wiki.cgi?search=/Context&title=off&word=on&case=on&mp=BranchContext,200,Context,probier,2026-05-26T14:06:45Z,2026-05-26T14:06:45Z,0,1
20260609234130,https://www.wikiservice.at/fractal/wiki.cgi?StartSeite,200,StartSeite,dse,2026-05-26T11:27:48Z,2026-06-22T19:28:18Z,0,456
20260609234130,https://www.wikiservice.at/fractal/wiki.cgi?StartSeite,200,StartSeite,probier,2026-05-26T14:14:20Z,2026-05-26T14:14:20Z,0,1
20260609234130,https://www.wikiservice.at/fractal/wiki.cgi?StartSeite,200,Startseite,dse,2026-06-20T21:32:10Z,2026-06-20T21:32:10Z,0,1
20260609234358,https://www.wikiservice.at/user/milk/wiki.cgi?action=editprefs&oldid=RecentChanges&id=RecentChanges,200,RecentChanges,dse,2026-05-26T13:13:21Z,2026-06-22T08:20:14Z,0,75
20260609234358,https://www.wikiservice.at/user/milk/wiki.cgi?action=editprefs&oldid=RecentChanges&id=RecentChanges,200,RecentChanges,fractal,2026-05-26T10:51:00Z,2026-06-22T09:05:32Z,0,41
20260609234358,https://www.wikiservice.at/user/milk/wiki.cgi?action=editprefs&oldid=RecentChanges&id=RecentChanges,200,RecentChanges,probier,2026-05-26T15:36:12Z,2026-06-18T20:05:43Z,0,40
20260609235908,https://prowiki.org/fractal/wiki.cgi?action=browse&id=FR/BarCamp/BarCampBank/RecentChanges&from=,200,RecentChanges,dse,2026-05-26T13:13:21Z,2026-06-22T08:20:14Z,0,75
20260609235908,https://prowiki.org/fractal/wiki.cgi?action=browse&id=FR/BarCamp/BarCampBank/RecentChanges&from=,200,RecentChanges,fractal,2026-05-26T10:51:00Z,2026-06-22T09:05:32Z,0,41
20260609235908,https://prowiki.org/fractal/wiki.cgi?action=browse&id=FR/BarCamp/BarCampBank/RecentChanges&from=,200,RecentChanges,probier,2026-05-26T15:36:12Z,2026-06-18T20:05:43Z,0,40
20260610000256,https://www.wikiservice.at/fractal/wiki.cgi?action=browse&id=EN/RecentChanges,200,RecentChanges,dse,2026-05-26T13:13:21Z,2026-06-22T08:20:14Z,0,75
20260610000256,https://www.wikiservice.at/fractal/wiki.cgi?action=browse&id=EN/RecentChanges,200,RecentChanges,fractal,2026-05-26T10:51:00Z,2026-06-22T09:05:32Z,0,41
20260610000256,https://www.wikiservice.at/fractal/wiki.cgi?action=browse&id=EN/RecentChanges,200,RecentChanges,probier,2026-05-26T15:36:12Z,2026-06-18T20:05:43Z,0,40
20260610000429,https://www.wikiservice.at/user/milk/wiki.cgi?action=browse&id=RecentChanges&days=7,200,RecentChanges,dse,2026-05-26T13:13:21Z,2026-06-22T08:20:14Z,0,75
20260610000429,https://www.wikiservice.at/user/milk/wiki.cgi?action=browse&id=RecentChanges&days=7,200,RecentChanges,fractal,2026-05-26T10:51:00Z,2026-06-22T09:05:32Z,0,41
20260610000429,https://www.wikiservice.at/user/milk/wiki.cgi?action=browse&id=RecentChanges&days=7,200,RecentChanges,probier,2026-05-26T15:36:12Z,2026-06-18T20:05:43Z,0,40
20260610000712,https://prowiki.org/dse/wiki.cgi?SpracheSVG/Context,200,Context,probier,2026-05-26T14:06:45Z,2026-05-26T14:06:45Z,0,1
20260610000917,https://prowiki.org/fractal/wiki.cgi?action=browse&id=FR/SiliconValois/RecentChanges&days=7,200,RecentChanges,dse,2026-05-26T13:13:21Z,2026-06-22T08:20:14Z,0,75
20260610000917,https://prowiki.org/fractal/wiki.cgi?action=browse&id=FR/SiliconValois/RecentChanges&days=7,200,RecentChanges,fractal,2026-05-26T10:51:00Z,2026-06-22T09:05:32Z,0,41
20260610000917,https://prowiki.org/fractal/wiki.cgi?action=browse&id=FR/SiliconValois/RecentChanges&days=7,200,RecentChanges,probier,2026-05-26T15:36:12Z,2026-06-18T20:05:43Z,0,40
20260610001132,https://www.wikiservice.at/user/milk/wiki.cgi?action=browse&id=RecentChanges&days=1,200,RecentChanges,dse,2026-05-26T13:13:21Z,2026-06-22T08:20:14Z,0,75
20260610001132,https://www.wikiservice.at/user/milk/wiki.cgi?action=browse&id=RecentChanges&days=1,200,RecentChanges,fractal,2026-05-26T10:51:00Z,2026-06-22T09:05:32Z,0,41
20260610001132,https://www.wikiservice.at/user/milk/wiki.cgi?action=browse&id=RecentChanges&days=1,200,RecentChanges,probier,2026-05-26T15:36:12Z,2026-06-18T20:05:43Z,0,40
20260610001234,https://www.wikiservice.at/fractal/wiki.cgi?RecentChanges,200,RecentChanges,dse,2026-05-26T13:13:21Z,2026-06-22T08:20:14Z,0,75
20260610001234,https://www.wikiservice.at/fractal/wiki.cgi?RecentChanges,200,RecentChanges,fractal,2026-05-26T10:51:00Z,2026-06-22T09:05:32Z,0,41
20260610001234,https://www.wikiservice.at/fractal/wiki.cgi?RecentChanges,200,RecentChanges,probier,2026-05-26T15:36:12Z,2026-06-18T20:05:43Z,0,40
20260610001739,https://www.wikiservice.at/user/milk/wiki.cgi?action=browse&id=RecentChanges&from=,200,RecentChanges,dse,2026-05-26T13:13:21Z,2026-06-22T08:20:14Z,0,75
20260610001739,https://www.wikiservice.at/user/milk/wiki.cgi?action=browse&id=RecentChanges&from=,200,RecentChanges,fractal,2026-05-26T10:51:00Z,2026-06-22T09:05:32Z,0,41
20260610001739,https://www.wikiservice.at/user/milk/wiki.cgi?action=browse&id=RecentChanges&from=,200,RecentChanges,probier,2026-05-26T15:36:12Z,2026-06-18T20:05:43Z,0,40
20260610002003,https://www.wikiservice.at/user/milk/wiki.cgi?action=browse&id=RecentChanges&days=14,200,RecentChanges,dse,2026-05-26T13:13:21Z,2026-06-22T08:20:14Z,0,75
20260610002003,https://www.wikiservice.at/user/milk/wiki.cgi?action=browse&id=RecentChanges&days=14,200,RecentChanges,fractal,2026-05-26T10:51:00Z,2026-06-22T09:05:32Z,0,41
20260610002003,https://www.wikiservice.at/user/milk/wiki.cgi?action=browse&id=RecentChanges&days=14,200,RecentChanges,probier,2026-05-26T15:36:12Z,2026-06-18T20:05:43Z,0,40
20260610002230,https://www.wikiservice.at/probier/wiki.cgi?SandBox,200,SandBox,dse,2026-05-26T16:45:52Z,2026-06-22T08:38:38Z,0,8
20260610002230,https://www.wikiservice.at/probier/wiki.cgi?SandBox,200,SandBox,fractal,2026-05-26T11:55:49Z,2026-06-22T08:51:08Z,0,3
20260610002230,https://www.wikiservice.at/probier/wiki.cgi?SandBox,200,SandBox,probier,2026-06-09T09:24:03Z,2026-06-22T08:37:25Z,0,21
20260610003113,https://www.wikiservice.at/fractal/wiki.cgi?EN/SandBox,200,SandBox,dse,2026-05-26T16:45:52Z,2026-06-22T08:38:38Z,0,8
20260610003113,https://www.wikiservice.at/fractal/wiki.cgi?EN/SandBox,200,SandBox,fractal,2026-05-26T11:55:49Z,2026-06-22T08:51:08Z,0,3
20260610003113,https://www.wikiservice.at/fractal/wiki.cgi?EN/SandBox,200,SandBox,probier,2026-06-09T09:24:03Z,2026-06-22T08:37:25Z,0,21
20260610003522,https://www.wikiservice.at/user/milk/wiki.cgi?action=browse&id=RecentChanges&days=30,200,RecentChanges,dse,2026-05-26T13:13:21Z,2026-06-22T08:20:14Z,0,75
20260610003522,https://www.wikiservice.at/user/milk/wiki.cgi?action=browse&id=RecentChanges&days=30,200,RecentChanges,fractal,2026-05-26T10:51:00Z,2026-06-22T09:05:32Z,0,41
20260610003522,https://www.wikiservice.at/user/milk/wiki.cgi?action=browse&id=RecentChanges&days=30,200,RecentChanges,probier,2026-05-26T15:36:12Z,2026-06-18T20:05:43Z,0,40
20260610004040,https://www.wikiservice.at/fractal/wiki.cgi?Wikis/Deutsch/TestSeite,200,TestSeite,dse,2026-05-26T14:31:27Z,2026-06-22T08:42:22Z,0,238
20260610004120,https://www.wikiservice.at/user/milk/wiki.cgi?action=browse&id=RecentChanges&days=3,200,RecentChanges,dse,2026-05-26T13:13:21Z,2026-06-22T08:20:14Z,0,75
20260610004120,https://www.wikiservice.at/user/milk/wiki.cgi?action=browse&id=RecentChanges&days=3,200,RecentChanges,fractal,2026-05-26T10:51:00Z,2026-06-22T09:05:32Z,0,41
20260610004120,https://www.wikiservice.at/user/milk/wiki.cgi?action=browse&id=RecentChanges&days=3,200,RecentChanges,probier,2026-05-26T15:36:12Z,2026-06-18T20:05:43Z,0,40
20260610004851,https://www.wikiservice.at/fractal/wiki.cgi?action=browse&id=Wikis/Deutsch/RecentChanges&lang=1,200,RecentChanges,dse,2026-05-26T13:13:21Z,2026-06-22T08:20:14Z,0,75
20260610004851,https://www.wikiservice.at/fractal/wiki.cgi?action=browse&id=Wikis/Deutsch/RecentChanges&lang=1,200,RecentChanges,fractal,2026-05-26T10:51:00Z,2026-06-22T09:05:32Z,0,41
20260610004851,https://www.wikiservice.at/fractal/wiki.cgi?action=browse&id=Wikis/Deutsch/RecentChanges&lang=1,200,RecentChanges,probier,2026-05-26T15:36:12Z,2026-06-18T20:05:43Z,0,40
20260610005019,https://www.wikiservice.at/probier/wiki.cgi?action=editprefs&oldid=StartSeite&id=StartSeite,200,StartSeite,dse,2026-05-26T11:27:48Z,2026-06-22T19:28:18Z,0,456
20260610005019,https://www.wikiservice.at/probier/wiki.cgi?action=editprefs&oldid=StartSeite&id=StartSeite,200,StartSeite,probier,2026-05-26T14:14:20Z,2026-05-26T14:14:20Z,0,1
20260610005019,https://www.wikiservice.at/probier/wiki.cgi?action=editprefs&oldid=StartSeite&id=StartSeite,200,Startseite,dse,2026-06-20T21:32:10Z,2026-06-20T21:32:10Z,0,1
20260610010036,https://www.wikiservice.at/probier/wiki.cgi?action=browse&id=RecentChanges,200,RecentChanges,dse,2026-05-26T13:13:21Z,2026-06-22T08:20:14Z,0,75
20260610010036,https://www.wikiservice.at/probier/wiki.cgi?action=browse&id=RecentChanges,200,RecentChanges,fractal,2026-05-26T10:51:00Z,2026-06-22T09:05:32Z,0,41
20260610010036,https://www.wikiservice.at/probier/wiki.cgi?action=browse&id=RecentChanges,200,RecentChanges,probier,2026-05-26T15:36:12Z,2026-06-18T20:05:43Z,0,40
20260610205117,https://wikiservice.at/fractal/wiki.cgi?action=browse&id=Wikis/Francais/TestPage/SousSousWiki/RecentChanges&days=2,200,RecentChanges,dse,2026-05-26T13:13:21Z,2026-06-22T08:20:14Z,0,75
20260610205117,https://wikiservice.at/fractal/wiki.cgi?action=browse&id=Wikis/Francais/TestPage/SousSousWiki/RecentChanges&days=2,200,RecentChanges,fractal,2026-05-26T10:51:00Z,2026-06-22T09:05:32Z,0,41
20260610205117,https://wikiservice.at/fractal/wiki.cgi?action=browse&id=Wikis/Francais/TestPage/SousSousWiki/RecentChanges&days=2,200,RecentChanges,probier,2026-05-26T15:36:12Z,2026-06-18T20:05:43Z,0,40
20260610205156,https://wikiservice.at/fractal/wiki.cgi?WikiWikiBelgique/RecentChanges,200,RecentChanges,dse,2026-05-26T13:13:21Z,2026-06-22T08:20:14Z,0,75
20260610205156,https://wikiservice.at/fractal/wiki.cgi?WikiWikiBelgique/RecentChanges,200,RecentChanges,fractal,2026-05-26T10:51:00Z,2026-06-22T09:05:32Z,0,41
20260610205156,https://wikiservice.at/fractal/wiki.cgi?WikiWikiBelgique/RecentChanges,200,RecentChanges,probier,2026-05-26T15:36:12Z,2026-06-18T20:05:43Z,0,40
20260610210430,https://wikiservice.at/dict/sm/wiki.cgi?action=browse&id=RecentChanges&days=1,200,RecentChanges,dse,2026-05-26T13:13:21Z,2026-06-22T08:20:14Z,0,75
20260610210430,https://wikiservice.at/dict/sm/wiki.cgi?action=browse&id=RecentChanges&days=1,200,RecentChanges,fractal,2026-05-26T10:51:00Z,2026-06-22T09:05:32Z,0,41
20260610210430,https://wikiservice.at/dict/sm/wiki.cgi?action=browse&id=RecentChanges&days=1,200,RecentChanges,probier,2026-05-26T15:36:12Z,2026-06-18T20:05:43Z,0,40
20260610212438,https://wikiservice.at/fractal/wiki.cgi?action=editprefs&oldid=EN/BarCampBank/P2PMoney/P2PMoneyOrganizedInquiry/Context&id=EN/BarCampBank/P2PMoney/P2PMoneyOrganizedInquiry/Context,200,Context,probier,2026-05-26T14:06:45Z,2026-05-26T14:06:45Z,0,1
20260610212651,https://wikiservice.at/lions/wiki.cgi?action=browse&id=RecentChanges&days=14,200,RecentChanges,dse,2026-05-26T13:13:21Z,2026-06-22T08:20:14Z,0,75
20260610212651,https://wikiservice.at/lions/wiki.cgi?action=browse&id=RecentChanges&days=14,200,RecentChanges,fractal,2026-05-26T10:51:00Z,2026-06-22T09:05:32Z,0,41
20260610212651,https://wikiservice.at/lions/wiki.cgi?action=browse&id=RecentChanges&days=14,200,RecentChanges,probier,2026-05-26T15:36:12Z,2026-06-18T20:05:43Z,0,40
20260610213406,https://wikiservice.at/fractal/wiki.cgi?FR/BanqueDeux/RecentChanges,200,RecentChanges,dse,2026-05-26T13:13:21Z,2026-06-22T08:20:14Z,0,75
20260610213406,https://wikiservice.at/fractal/wiki.cgi?FR/BanqueDeux/RecentChanges,200,RecentChanges,fractal,2026-05-26T10:51:00Z,2026-06-22T09:05:32Z,0,41
20260610213406,https://wikiservice.at/fractal/wiki.cgi?FR/BanqueDeux/RecentChanges,200,RecentChanges,probier,2026-05-26T15:36:12Z,2026-06-18T20:05:43Z,0,40
20260610215829,https://wikiservice.at/fractal/wiki.cgi?action=browse&id=WikiWikiBelgique/RetoScope/RecentChanges&days=3,200,RecentChanges,dse,2026-05-26T13:13:21Z,2026-06-22T08:20:14Z,0,75
20260610215829,https://wikiservice.at/fractal/wiki.cgi?action=browse&id=WikiWikiBelgique/RetoScope/RecentChanges&days=3,200,RecentChanges,fractal,2026-05-26T10:51:00Z,2026-06-22T09:05:32Z,0,41
20260610215829,https://wikiservice.at/fractal/wiki.cgi?action=browse&id=WikiWikiBelgique/RetoScope/RecentChanges&days=3,200,RecentChanges,probier,2026-05-26T15:36:12Z,2026-06-18T20:05:43Z,0,40
20260610220531,https://wikiservice.at/nausner/wiki.cgi?action=editprefs&lang=1&oldid=RecentChanges&id=RecentChanges,200,RecentChanges,dse,2026-05-26T13:13:21Z,2026-06-22T08:20:14Z,0,75
20260610220531,https://wikiservice.at/nausner/wiki.cgi?action=editprefs&lang=1&oldid=RecentChanges&id=RecentChanges,200,RecentChanges,fractal,2026-05-26T10:51:00Z,2026-06-22T09:05:32Z,0,41
20260610220531,https://wikiservice.at/nausner/wiki.cgi?action=editprefs&lang=1&oldid=RecentChanges&id=RecentChanges,200,RecentChanges,probier,2026-05-26T15:36:12Z,2026-06-18T20:05:43Z,0,40
20260610222001,https://wikiservice.at/fractal/wiki.cgi?action=edit&id=ChristopheDucamp/Context&section=9,200,Context,probier,2026-05-26T14:06:45Z,2026-05-26T14:06:45Z,0,1
20260610222020,https://wikiservice.at/fractal/wiki.cgi?action=edit&id=FR/TwitterFanClub/Context&section=8,200,Context,probier,2026-05-26T14:06:45Z,2026-05-26T14:06:45Z,0,1
20260611031538,https://prowiki.org/fractal/wiki.cgi?action=browse&id=FR/BarCamp/BarCampBank/RecentChanges&lang=2,200,RecentChanges,dse,2026-05-26T13:13:21Z,2026-06-22T08:20:14Z,0,75
20260611031538,https://prowiki.org/fractal/wiki.cgi?action=browse&id=FR/BarCamp/BarCampBank/RecentChanges&lang=2,200,RecentChanges,fractal,2026-05-26T10:51:00Z,2026-06-22T09:05:32Z,0,41
20260611031538,https://prowiki.org/fractal/wiki.cgi?action=browse&id=FR/BarCamp/BarCampBank/RecentChanges&lang=2,200,RecentChanges,probier,2026-05-26T15:36:12Z,2026-06-18T20:05:43Z,0,40
20260611032310,https://prowiki.org/fractal/wiki.cgi?action=browse&id=FR/RecentChanges&days=2,200,RecentChanges,dse,2026-05-26T13:13:21Z,2026-06-22T08:20:14Z,0,75
20260611032310,https://prowiki.org/fractal/wiki.cgi?action=browse&id=FR/RecentChanges&days=2,200,RecentChanges,fractal,2026-05-26T10:51:00Z,2026-06-22T09:05:32Z,0,41
20260611032310,https://prowiki.org/fractal/wiki.cgi?action=browse&id=FR/RecentChanges&days=2,200,RecentChanges,probier,2026-05-26T15:36:12Z,2026-06-18T20:05:43Z,0,40
20260611032758,https://wikiservice.at/fractal/wiki.cgi?action=browse&id=FR/DictionnaireDeGestion/RecentChanges&lang=2,200,RecentChanges,dse,2026-05-26T13:13:21Z,2026-06-22T08:20:14Z,0,75
20260611032758,https://wikiservice.at/fractal/wiki.cgi?action=browse&id=FR/DictionnaireDeGestion/RecentChanges&lang=2,200,RecentChanges,fractal,2026-05-26T10:51:00Z,2026-06-22T09:05:32Z,0,41
20260611032758,https://wikiservice.at/fractal/wiki.cgi?action=browse&id=FR/DictionnaireDeGestion/RecentChanges&lang=2,200,RecentChanges,probier,2026-05-26T15:36:12Z,2026-06-18T20:05:43Z,0,40
20260611034509,https://wikiservice.at/fractal/wiki.cgi?action=browse&id=FR/RecentChanges&lang=2,200,RecentChanges,dse,2026-05-26T13:13:21Z,2026-06-22T08:20:14Z,0,75
20260611034509,https://wikiservice.at/fractal/wiki.cgi?action=browse&id=FR/RecentChanges&lang=2,200,RecentChanges,fractal,2026-05-26T10:51:00Z,2026-06-22T09:05:32Z,0,41
20260611034509,https://wikiservice.at/fractal/wiki.cgi?action=browse&id=FR/RecentChanges&lang=2,200,RecentChanges,probier,2026-05-26T15:36:12Z,2026-06-18T20:05:43Z,0,40
20260611041100,https://wikiservice.at/fractal/wiki.cgi?action=browse&id=FR/PinkoMarketing/Twollars/RecentChanges&lang=2,200,RecentChanges,dse,2026-05-26T13:13:21Z,2026-06-22T08:20:14Z,0,75
20260611041100,https://wikiservice.at/fractal/wiki.cgi?action=browse&id=FR/PinkoMarketing/Twollars/RecentChanges&lang=2,200,RecentChanges,fractal,2026-05-26T10:51:00Z,2026-06-22T09:05:32Z,0,41
20260611041100,https://wikiservice.at/fractal/wiki.cgi?action=browse&id=FR/PinkoMarketing/Twollars/RecentChanges&lang=2,200,RecentChanges,probier,2026-05-26T15:36:12Z,2026-06-18T20:05:43Z,0,40
20260611041253,https://wikiservice.at/fractal/wiki.cgi?SandBox,200,SandBox,dse,2026-05-26T16:45:52Z,2026-06-22T08:38:38Z,0,8
20260611041253,https://wikiservice.at/fractal/wiki.cgi?SandBox,200,SandBox,fractal,2026-05-26T11:55:49Z,2026-06-22T08:51:08Z,0,3
20260611041253,https://wikiservice.at/fractal/wiki.cgi?SandBox,200,SandBox,probier,2026-06-09T09:24:03Z,2026-06-22T08:37:25Z,0,21
20260611041540,https://wikiservice.at/support/wiki.cgi?Context,200,Context,probier,2026-05-26T14:06:45Z,2026-05-26T14:06:45Z,0,1
20260611042328,https://wikiservice.at/lions/wiki.cgi?action=browse&id=RecentChanges&lang=1,200,RecentChanges,dse,2026-05-26T13:13:21Z,2026-06-22T08:20:14Z,0,75
20260611042328,https://wikiservice.at/lions/wiki.cgi?action=browse&id=RecentChanges&lang=1,200,RecentChanges,fractal,2026-05-26T10:51:00Z,2026-06-22T09:05:32Z,0,41
20260611042328,https://wikiservice.at/lions/wiki.cgi?action=browse&id=RecentChanges&lang=1,200,RecentChanges,probier,2026-05-26T15:36:12Z,2026-06-18T20:05:43Z,0,40
20260611042415,https://wikiservice.at/fractal/wiki.cgi?LaurentLunati/Context,200,Context,probier,2026-05-26T14:06:45Z,2026-05-26T14:06:45Z,0,1
20260611044424,https://wikiservice.at/fractal/wiki.cgi?action=browse&id=FR/ParisCarnet/RecentChanges&lang=2,200,RecentChanges,dse,2026-05-26T13:13:21Z,2026-06-22T08:20:14Z,0,75
20260611044424,https://wikiservice.at/fractal/wiki.cgi?action=browse&id=FR/ParisCarnet/RecentChanges&lang=2,200,RecentChanges,fractal,2026-05-26T10:51:00Z,2026-06-22T09:05:32Z,0,41
20260611044424,https://wikiservice.at/fractal/wiki.cgi?action=browse&id=FR/ParisCarnet/RecentChanges&lang=2,200,RecentChanges,probier,2026-05-26T15:36:12Z,2026-06-18T20:05:43Z,0,40
20260611215932,https://www.wikiservice.at/fractal/wiki.cgi?action=browse&id=FR/MicroFormats/RecentChanges&lang=2,200,RecentChanges,dse,2026-05-26T13:13:21Z,2026-06-22T08:20:14Z,0,75
20260611215932,https://www.wikiservice.at/fractal/wiki.cgi?action=browse&id=FR/MicroFormats/RecentChanges&lang=2,200,RecentChanges,fractal,2026-05-26T10:51:00Z,2026-06-22T09:05:32Z,0,41
20260611215932,https://www.wikiservice.at/fractal/wiki.cgi?action=browse&id=FR/MicroFormats/RecentChanges&lang=2,200,RecentChanges,probier,2026-05-26T15:36:12Z,2026-06-18T20:05:43Z,0,40
20260611220713,https://www.wikiservice.at/fractal/wiki.cgi?FR/PinkoMarketing/Context,200,Context,probier,2026-05-26T14:06:45Z,2026-05-26T14:06:45Z,0,1
20260611221325,https://www.wikiservice.at/fractal/wiki.cgi?action=browse&id=EN/BarCampBank/RecentChanges,200,RecentChanges,dse,2026-05-26T13:13:21Z,2026-06-22T08:20:14Z,0,75
20260611221325,https://www.wikiservice.at/fractal/wiki.cgi?action=browse&id=EN/BarCampBank/RecentChanges,200,RecentChanges,fractal,2026-05-26T10:51:00Z,2026-06-22T09:05:32Z,0,41
20260611221325,https://www.wikiservice.at/fractal/wiki.cgi?action=browse&id=EN/BarCampBank/RecentChanges,200,RecentChanges,probier,2026-05-26T15:36:12Z,2026-06-18T20:05:43Z,0,40
20260611221542,https://www.wikiservice.at/fractal/wiki.cgi?FR/BarCamp/Context,200,Context,probier,2026-05-26T14:06:45Z,2026-05-26T14:06:45Z,0,1
20260611221818,https://prowiki.org/fractal/wiki.cgi?action=browse&id=FR/PinkoMarketing/SafariPhoto/RecentChanges&days=3,200,RecentChanges,dse,2026-05-26T13:13:21Z,2026-06-22T08:20:14Z,0,75
20260611221818,https://prowiki.org/fractal/wiki.cgi?action=browse&id=FR/PinkoMarketing/SafariPhoto/RecentChanges&days=3,200,RecentChanges,fractal,2026-05-26T10:51:00Z,2026-06-22T09:05:32Z,0,41
20260611221818,https://prowiki.org/fractal/wiki.cgi?action=browse&id=FR/PinkoMarketing/SafariPhoto/RecentChanges&days=3,200,RecentChanges,probier,2026-05-26T15:36:12Z,2026-06-18T20:05:43Z,0,40
20260611222412,https://prowiki.org/fractal/wiki.cgi?action=browse&id=FR/BarCamp/BarCampBank/RecentChanges&from=,200,RecentChanges,dse,2026-05-26T13:13:21Z,2026-06-22T08:20:14Z,0,75
20260611222412,https://prowiki.org/fractal/wiki.cgi?action=browse&id=FR/BarCamp/BarCampBank/RecentChanges&from=,200,RecentChanges,fractal,2026-05-26T10:51:00Z,2026-06-22T09:05:32Z,0,41
20260611222412,https://prowiki.org/fractal/wiki.cgi?action=browse&id=FR/BarCamp/BarCampBank/RecentChanges&from=,200,RecentChanges,probier,2026-05-26T15:36:12Z,2026-06-18T20:05:43Z,0,40
20260611222622,https://prowiki.org/fractal/wiki.cgi?FR/ConstruireDesBlocs/RecentChanges,200,RecentChanges,dse,2026-05-26T13:13:21Z,2026-06-22T08:20:14Z,0,75
20260611222622,https://prowiki.org/fractal/wiki.cgi?FR/ConstruireDesBlocs/RecentChanges,200,RecentChanges,fractal,2026-05-26T10:51:00Z,2026-06-22T09:05:32Z,0,41
20260611222622,https://prowiki.org/fractal/wiki.cgi?FR/ConstruireDesBlocs/RecentChanges,200,RecentChanges,probier,2026-05-26T15:36:12Z,2026-06-18T20:05:43Z,0,40
20260611223241,https://www.wikiservice.at/fractal/wiki.cgi?FR/PinkoMarketing/SafariPhoto/Context,200,Context,probier,2026-05-26T14:06:45Z,2026-05-26T14:06:45Z,0,1
20260611223532,https://prowiki.org/fractal/wiki.cgi?action=browse&id=FR/PinkoMarketing/SafariPhoto/RecentChanges&from=,200,RecentChanges,dse,2026-05-26T13:13:21Z,2026-06-22T08:20:14Z,0,75
20260611223532,https://prowiki.org/fractal/wiki.cgi?action=browse&id=FR/PinkoMarketing/SafariPhoto/RecentChanges&from=,200,RecentChanges,fractal,2026-05-26T10:51:00Z,2026-06-22T09:05:32Z,0,41
20260611223532,https://prowiki.org/fractal/wiki.cgi?action=browse&id=FR/PinkoMarketing/SafariPhoto/RecentChanges&from=,200,RecentChanges,probier,2026-05-26T15:36:12Z,2026-06-18T20:05:43Z,0,40
20260611223758,https://www.wikiservice.at/fractal/wiki.cgi?EN/BarCampBank/Context,200,Context,probier,2026-05-26T14:06:45Z,2026-05-26T14:06:45Z,0,1
20260611224523,https://prowiki.org/fractal/wiki.cgi?FR/PagesJaunes/Context,200,Context,probier,2026-05-26T14:06:45Z,2026-05-26T14:06:45Z,0,1
20260611224559,https://prowiki.org/fractal/wiki.cgi?action=browse&id=WikiGlossaire/RecentChanges&days=7,200,RecentChanges,dse,2026-05-26T13:13:21Z,2026-06-22T08:20:14Z,0,75
20260611224559,https://prowiki.org/fractal/wiki.cgi?action=browse&id=WikiGlossaire/RecentChanges&days=7,200,RecentChanges,fractal,2026-05-26T10:51:00Z,2026-06-22T09:05:32Z,0,41
20260611224559,https://prowiki.org/fractal/wiki.cgi?action=browse&id=WikiGlossaire/RecentChanges&days=7,200,RecentChanges,probier,2026-05-26T15:36:12Z,2026-06-18T20:05:43Z,0,40
20260611225439,https://prowiki.org/fractal/wiki.cgi?action=browse&id=FR/BarCamp/BarCampBank/RecentChanges&days=14,200,RecentChanges,dse,2026-05-26T13:13:21Z,2026-06-22T08:20:14Z,0,75
20260611225439,https://prowiki.org/fractal/wiki.cgi?action=browse&id=FR/BarCamp/BarCampBank/RecentChanges&days=14,200,RecentChanges,fractal,2026-05-26T10:51:00Z,2026-06-22T09:05:32Z,0,41
20260611225439,https://prowiki.org/fractal/wiki.cgi?action=browse&id=FR/BarCamp/BarCampBank/RecentChanges&days=14,200,RecentChanges,probier,2026-05-26T15:36:12Z,2026-06-18T20:05:43Z,0,40
20260611230115,https://prowiki.org/fractal/wiki.cgi?action=multilink&id=FR/BarCamp/BarCampBank/RecentChanges&link=BarCampBank,200,RecentChanges,dse,2026-05-26T13:13:21Z,2026-06-22T08:20:14Z,0,75
20260611230115,https://prowiki.org/fractal/wiki.cgi?action=multilink&id=FR/BarCamp/BarCampBank/RecentChanges&link=BarCampBank,200,RecentChanges,fractal,2026-05-26T10:51:00Z,2026-06-22T09:05:32Z,0,41
20260611230115,https://prowiki.org/fractal/wiki.cgi?action=multilink&id=FR/BarCamp/BarCampBank/RecentChanges&link=BarCampBank,200,RecentChanges,probier,2026-05-26T15:36:12Z,2026-06-18T20:05:43Z,0,40
20260611230343,https://www.wikiservice.at/fractal/wiki.cgi?WikiGlossaire/Context,200,Context,probier,2026-05-26T14:06:45Z,2026-05-26T14:06:45Z,0,1
20260611230435,https://www.wikiservice.at/fractal/wiki.cgi?action=browse&id=Wikis/English/RecentChanges,200,RecentChanges,dse,2026-05-26T13:13:21Z,2026-06-22T08:20:14Z,0,75
20260611230435,https://www.wikiservice.at/fractal/wiki.cgi?action=browse&id=Wikis/English/RecentChanges,200,RecentChanges,fractal,2026-05-26T10:51:00Z,2026-06-22T09:05:32Z,0,41
20260611230435,https://www.wikiservice.at/fractal/wiki.cgi?action=browse&id=Wikis/English/RecentChanges,200,RecentChanges,probier,2026-05-26T15:36:12Z,2026-06-18T20:05:43Z,0,40
20260611231151,https://prowiki.org/fractal/wiki.cgi?action=browse&id=FR/BarCamp/BarCampBank/RecentChanges&days=1,200,RecentChanges,dse,2026-05-26T13:13:21Z,2026-06-22T08:20:14Z,0,75
20260611231151,https://prowiki.org/fractal/wiki.cgi?action=browse&id=FR/BarCamp/BarCampBank/RecentChanges&days=1,200,RecentChanges,fractal,2026-05-26T10:51:00Z,2026-06-22T09:05:32Z,0,41
20260611231151,https://prowiki.org/fractal/wiki.cgi?action=browse&id=FR/BarCamp/BarCampBank/RecentChanges&days=1,200,RecentChanges,probier,2026-05-26T15:36:12Z,2026-06-18T20:05:43Z,0,40
20260611231341,https://www.wikiservice.at/wikiservice/wiki.cgi?WikiWeb,200,WikiWeb,dse,2026-06-22T02:57:53Z,2026-06-22T02:57:53Z,0,1
20260611231432,https://prowiki.org/fractal/wiki.cgi?action=browse&id=FR/PinkoMarketing/SafariPhoto/RecentChanges&days=1,200,RecentChanges,dse,2026-05-26T13:13:21Z,2026-06-22T08:20:14Z,0,75
20260611231432,https://prowiki.org/fractal/wiki.cgi?action=browse&id=FR/PinkoMarketing/SafariPhoto/RecentChanges&days=1,200,RecentChanges,fractal,2026-05-26T10:51:00Z,2026-06-22T09:05:32Z,0,41
20260611231432,https://prowiki.org/fractal/wiki.cgi?action=browse&id=FR/PinkoMarketing/SafariPhoto/RecentChanges&days=1,200,RecentChanges,probier,2026-05-26T15:36:12Z,2026-06-18T20:05:43Z,0,40
20260611231713,https://prowiki.org/fractal/wiki.cgi?action=browse&id=WikiGlossaire/RecentChanges&days=14,200,RecentChanges,dse,2026-05-26T13:13:21Z,2026-06-22T08:20:14Z,0,75
20260611231713,https://prowiki.org/fractal/wiki.cgi?action=browse&id=WikiGlossaire/RecentChanges&days=14,200,RecentChanges,fractal,2026-05-26T10:51:00Z,2026-06-22T09:05:32Z,0,41
20260611231713,https://prowiki.org/fractal/wiki.cgi?action=browse&id=WikiGlossaire/RecentChanges&days=14,200,RecentChanges,probier,2026-05-26T15:36:12Z,2026-06-18T20:05:43Z,0,40
20260611231758,https://prowiki.org/fractal/wiki.cgi?action=browse&id=FR/BarCamp/BarCampBank/RecentChanges&days=30,200,RecentChanges,dse,2026-05-26T13:13:21Z,2026-06-22T08:20:14Z,0,75
20260611231758,https://prowiki.org/fractal/wiki.cgi?action=browse&id=FR/BarCamp/BarCampBank/RecentChanges&days=30,200,RecentChanges,fractal,2026-05-26T10:51:00Z,2026-06-22T09:05:32Z,0,41
20260611231758,https://prowiki.org/fractal/wiki.cgi?action=browse&id=FR/BarCamp/BarCampBank/RecentChanges&days=30,200,RecentChanges,probier,2026-05-26T15:36:12Z,2026-06-18T20:05:43Z,0,40
20260611232031,https://www.wikiservice.at/fractal/wiki.cgi?Wikis/English/SandBox,200,SandBox,dse,2026-05-26T16:45:52Z,2026-06-22T08:38:38Z,0,8
20260611232031,https://www.wikiservice.at/fractal/wiki.cgi?Wikis/English/SandBox,200,SandBox,fractal,2026-05-26T11:55:49Z,2026-06-22T08:51:08Z,0,3
20260611232031,https://www.wikiservice.at/fractal/wiki.cgi?Wikis/English/SandBox,200,SandBox,probier,2026-06-09T09:24:03Z,2026-06-22T08:37:25Z,0,21
20260611232205,https://prowiki.org/fractal/wiki.cgi?action=browse&id=FR/BarCamp/BarCampBank/RecentChanges&days=7,200,RecentChanges,dse,2026-05-26T13:13:21Z,2026-06-22T08:20:14Z,0,75
20260611232205,https://prowiki.org/fractal/wiki.cgi?action=browse&id=FR/BarCamp/BarCampBank/RecentChanges&days=7,200,RecentChanges,fractal,2026-05-26T10:51:00Z,2026-06-22T09:05:32Z,0,41
20260611232205,https://prowiki.org/fractal/wiki.cgi?action=browse&id=FR/BarCamp/BarCampBank/RecentChanges&days=7,200,RecentChanges,probier,2026-05-26T15:36:12Z,2026-06-18T20:05:43Z,0,40
20260611232541,https://prowiki.org/fractal/wiki.cgi?action=browse&id=FR/PinkoMarketing/SafariPhoto/RecentChanges&days=14,200,RecentChanges,dse,2026-05-26T13:13:21Z,2026-06-22T08:20:14Z,0,75
20260611232541,https://prowiki.org/fractal/wiki.cgi?action=browse&id=FR/PinkoMarketing/SafariPhoto/RecentChanges&days=14,200,RecentChanges,fractal,2026-05-26T10:51:00Z,2026-06-22T09:05:32Z,0,41
20260611232541,https://prowiki.org/fractal/wiki.cgi?action=browse&id=FR/PinkoMarketing/SafariPhoto/RecentChanges&days=14,200,RecentChanges,probier,2026-05-26T15:36:12Z,2026-06-18T20:05:43Z,0,40
20260611232703,https://prowiki.org/fractal/wiki.cgi?action=browse&id=WikiGlossaire/RecentChanges&days=3,200,RecentChanges,dse,2026-05-26T13:13:21Z,2026-06-22T08:20:14Z,0,75
20260611232703,https://prowiki.org/fractal/wiki.cgi?action=browse&id=WikiGlossaire/RecentChanges&days=3,200,RecentChanges,fractal,2026-05-26T10:51:00Z,2026-06-22T09:05:32Z,0,41
20260611232703,https://prowiki.org/fractal/wiki.cgi?action=browse&id=WikiGlossaire/RecentChanges&days=3,200,RecentChanges,probier,2026-05-26T15:36:12Z,2026-06-18T20:05:43Z,0,40
20260611232740,https://prowiki.org/fractal/wiki.cgi?action=browse&id=FR/PinkoMarketing/SafariPhoto/RecentChanges&days=2,200,RecentChanges,dse,2026-05-26T13:13:21Z,2026-06-22T08:20:14Z,0,75
20260611232740,https://prowiki.org/fractal/wiki.cgi?action=browse&id=FR/PinkoMarketing/SafariPhoto/RecentChanges&days=2,200,RecentChanges,fractal,2026-05-26T10:51:00Z,2026-06-22T09:05:32Z,0,41
20260611232740,https://prowiki.org/fractal/wiki.cgi?action=browse&id=FR/PinkoMarketing/SafariPhoto/RecentChanges&days=2,200,RecentChanges,probier,2026-05-26T15:36:12Z,2026-06-18T20:05:43Z,0,40
20260611232756,https://www.wikiservice.at/fractal/wiki.cgi?Wikis/English/Context,200,Context,probier,2026-05-26T14:06:45Z,2026-05-26T14:06:45Z,0,1
20260611232853,https://www.wikiservice.at/fractal/wiki.cgi?VincentPinteDeregnaucourt/Context,200,Context,probier,2026-05-26T14:06:45Z,2026-05-26T14:06:45Z,0,1
20260611232949,https://prowiki.org/fractal/wiki.cgi?EN/BarCampBank/SandBox,200,SandBox,dse,2026-05-26T16:45:52Z,2026-06-22T08:38:38Z,0,8
20260611232949,https://prowiki.org/fractal/wiki.cgi?EN/BarCampBank/SandBox,200,SandBox,fractal,2026-05-26T11:55:49Z,2026-06-22T08:51:08Z,0,3
20260611232949,https://prowiki.org/fractal/wiki.cgi?EN/BarCampBank/SandBox,200,SandBox,probier,2026-06-09T09:24:03Z,2026-06-22T08:37:25Z,0,21
20260611233156,https://www.wikiservice.at/fractal/wiki.cgi?Wikis/English/RecentChanges,200,RecentChanges,dse,2026-05-26T13:13:21Z,2026-06-22T08:20:14Z,0,75
20260611233156,https://www.wikiservice.at/fractal/wiki.cgi?Wikis/English/RecentChanges,200,RecentChanges,fractal,2026-05-26T10:51:00Z,2026-06-22T09:05:32Z,0,41
20260611233156,https://www.wikiservice.at/fractal/wiki.cgi?Wikis/English/RecentChanges,200,RecentChanges,probier,2026-05-26T15:36:12Z,2026-06-18T20:05:43Z,0,40
20260612142218,https://wikiservice.at/fractal/wiki.cgi?action=edit&id=FR/Afrique/Context&section=10,200,Context,probier,2026-05-26T14:06:45Z,2026-05-26T14:06:45Z,0,1
20260612142606,https://wikiservice.at/fractal/wiki.cgi?FrenchWikiFarm/RecentChanges,200,RecentChanges,dse,2026-05-26T13:13:21Z,2026-06-22T08:20:14Z,0,75
20260612142606,https://wikiservice.at/fractal/wiki.cgi?FrenchWikiFarm/RecentChanges,200,RecentChanges,fractal,2026-05-26T10:51:00Z,2026-06-22T09:05:32Z,0,41
20260612142606,https://wikiservice.at/fractal/wiki.cgi?FrenchWikiFarm/RecentChanges,200,RecentChanges,probier,2026-05-26T15:36:12Z,2026-06-18T20:05:43Z,0,40
20260612144322,https://wikiservice.at/fractal/wiki.cgi?action=edit&id=FR/TwitterFanClub/Context&section=1,200,Context,probier,2026-05-26T14:06:45Z,2026-05-26T14:06:45Z,0,1
20260612150230,https://wikiservice.at/fractal/wiki.cgi?FR/MicroFormats/RecentChanges,200,RecentChanges,dse,2026-05-26T13:13:21Z,2026-06-22T08:20:14Z,0,75
20260612150230,https://wikiservice.at/fractal/wiki.cgi?FR/MicroFormats/RecentChanges,200,RecentChanges,fractal,2026-05-26T10:51:00Z,2026-06-22T09:05:32Z,0,41
20260612150230,https://wikiservice.at/fractal/wiki.cgi?FR/MicroFormats/RecentChanges,200,RecentChanges,probier,2026-05-26T15:36:12Z,2026-06-18T20:05:43Z,0,40
20260612150812,https://wikiservice.at/fractal/wiki.cgi?action=editprefs&lang=2&oldid=FR/Tontine/RecentChanges&id=FR/Tontine/RecentChanges,200,RecentChanges,dse,2026-05-26T13:13:21Z,2026-06-22T08:20:14Z,0,75
20260612150812,https://wikiservice.at/fractal/wiki.cgi?action=editprefs&lang=2&oldid=FR/Tontine/RecentChanges&id=FR/Tontine/RecentChanges,200,RecentChanges,fractal,2026-05-26T10:51:00Z,2026-06-22T09:05:32Z,0,41
20260612150812,https://wikiservice.at/fractal/wiki.cgi?action=editprefs&lang=2&oldid=FR/Tontine/RecentChanges&id=FR/Tontine/RecentChanges,200,RecentChanges,probier,2026-05-26T15:36:12Z,2026-06-18T20:05:43Z,0,40
20260612150910,https://wikiservice.at/fractal/wiki.cgi?action=browse&id=FR/BarCamp/BarCampBank/RecentChanges&days=30,200,RecentChanges,dse,2026-05-26T13:13:21Z,2026-06-22T08:20:14Z,0,75
20260612150910,https://wikiservice.at/fractal/wiki.cgi?action=browse&id=FR/BarCamp/BarCampBank/RecentChanges&days=30,200,RecentChanges,fractal,2026-05-26T10:51:00Z,2026-06-22T09:05:32Z,0,41
20260612150910,https://wikiservice.at/fractal/wiki.cgi?action=browse&id=FR/BarCamp/BarCampBank/RecentChanges&days=30,200,RecentChanges,probier,2026-05-26T15:36:12Z,2026-06-18T20:05:43Z,0,40
20260612202228,https://www.wikiservice.at/kfu/wiki.cgi?action=editprefs&lang=1&oldid=StartSeite&id=StartSeite,200,StartSeite,dse,2026-05-26T11:27:48Z,2026-06-22T19:28:18Z,0,456
20260612202228,https://www.wikiservice.at/kfu/wiki.cgi?action=editprefs&lang=1&oldid=StartSeite&id=StartSeite,200,StartSeite,probier,2026-05-26T14:14:20Z,2026-05-26T14:14:20Z,0,1
20260612202228,https://www.wikiservice.at/kfu/wiki.cgi?action=editprefs&lang=1&oldid=StartSeite&id=StartSeite,200,Startseite,dse,2026-06-20T21:32:10Z,2026-06-20T21:32:10Z,0,1
20260612203138,https://prowiki.org/fractal/wiki.cgi?FR/PinkoMarketing/Twollars/RecentChanges,200,RecentChanges,dse,2026-05-26T13:13:21Z,2026-06-22T08:20:14Z,0,75
20260612203138,https://prowiki.org/fractal/wiki.cgi?FR/PinkoMarketing/Twollars/RecentChanges,200,RecentChanges,fractal,2026-05-26T10:51:00Z,2026-06-22T09:05:32Z,0,41
20260612203138,https://prowiki.org/fractal/wiki.cgi?FR/PinkoMarketing/Twollars/RecentChanges,200,RecentChanges,probier,2026-05-26T15:36:12Z,2026-06-18T20:05:43Z,0,40
20260612204230,https://www.wikiservice.at/kfu/wiki.cgi?action=browse&id=RecentChanges&lang=1,200,RecentChanges,dse,2026-05-26T13:13:21Z,2026-06-22T08:20:14Z,0,75
20260612204230,https://www.wikiservice.at/kfu/wiki.cgi?action=browse&id=RecentChanges&lang=1,200,RecentChanges,fractal,2026-05-26T10:51:00Z,2026-06-22T09:05:32Z,0,41
20260612204230,https://www.wikiservice.at/kfu/wiki.cgi?action=browse&id=RecentChanges&lang=1,200,RecentChanges,probier,2026-05-26T15:36:12Z,2026-06-18T20:05:43Z,0,40
20260612204838,https://www.wikiservice.at/fractal/wiki.cgi?FR/BarCamp/RecentChanges,200,RecentChanges,dse,2026-05-26T13:13:21Z,2026-06-22T08:20:14Z,0,75
20260612204838,https://www.wikiservice.at/fractal/wiki.cgi?FR/BarCamp/RecentChanges,200,RecentChanges,fractal,2026-05-26T10:51:00Z,2026-06-22T09:05:32Z,0,41
20260612204838,https://www.wikiservice.at/fractal/wiki.cgi?FR/BarCamp/RecentChanges,200,RecentChanges,probier,2026-05-26T15:36:12Z,2026-06-18T20:05:43Z,0,40
20260612205450,https://www.wikiservice.at/fractal/wiki.cgi?action=browse&id=FR/BarCamp/BarCampBank/RecentChanges&lang=2,200,RecentChanges,dse,2026-05-26T13:13:21Z,2026-06-22T08:20:14Z,0,75
20260612205450,https://www.wikiservice.at/fractal/wiki.cgi?action=browse&id=FR/BarCamp/BarCampBank/RecentChanges&lang=2,200,RecentChanges,fractal,2026-05-26T10:51:00Z,2026-06-22T09:05:32Z,0,41
20260612205450,https://www.wikiservice.at/fractal/wiki.cgi?action=browse&id=FR/BarCamp/BarCampBank/RecentChanges&lang=2,200,RecentChanges,probier,2026-05-26T15:36:12Z,2026-06-18T20:05:43Z,0,40
20260612210614,https://www.wikiservice.at/kfu/wiki.cgi?WikiWeb,200,WikiWeb,dse,2026-06-22T02:57:53Z,2026-06-22T02:57:53Z,0,1
20260612210755,https://www.wikiservice.at/fractal/wiki.cgi?action=browse&id=FR/BarCamp/RecentChanges&lang=2,200,RecentChanges,dse,2026-05-26T13:13:21Z,2026-06-22T08:20:14Z,0,75
20260612210755,https://www.wikiservice.at/fractal/wiki.cgi?action=browse&id=FR/BarCamp/RecentChanges&lang=2,200,RecentChanges,fractal,2026-05-26T10:51:00Z,2026-06-22T09:05:32Z,0,41
20260612210755,https://www.wikiservice.at/fractal/wiki.cgi?action=browse&id=FR/BarCamp/RecentChanges&lang=2,200,RecentChanges,probier,2026-05-26T15:36:12Z,2026-06-18T20:05:43Z,0,40
20260612211540,https://www.wikiservice.at/fractal/wiki.cgi?HelmutLeitner/Context,200,Context,probier,2026-05-26T14:06:45Z,2026-05-26T14:06:45Z,0,1
20260612212000,https://prowiki.org/fractal/wiki.cgi?FR/PinkoMarketing/Twollars/Context,200,Context,probier,2026-05-26T14:06:45Z,2026-05-26T14:06:45Z,0,1
20260612212550,https://www.wikiservice.at/kfu/wiki.cgi?TestSeite,200,TestSeite,dse,2026-05-26T14:31:27Z,2026-06-22T08:42:22Z,0,238
20260613053824,https://wikiservice.at/support/wiki.cgi?action=edit&id=TestSeite&section=16,200,TestSeite,dse,2026-05-26T14:31:27Z,2026-06-22T08:42:22Z,0,238
20260613054544,https://wikiservice.at/support/wiki.cgi?action=browse&id=RecentChanges&lang=2,200,RecentChanges,dse,2026-05-26T13:13:21Z,2026-06-22T08:20:14Z,0,75
20260613054544,https://wikiservice.at/support/wiki.cgi?action=browse&id=RecentChanges&lang=2,200,RecentChanges,fractal,2026-05-26T10:51:00Z,2026-06-22T09:05:32Z,0,41
20260613054544,https://wikiservice.at/support/wiki.cgi?action=browse&id=RecentChanges&lang=2,200,RecentChanges,probier,2026-05-26T15:36:12Z,2026-06-18T20:05:43Z,0,40
20260613055910,https://wikiservice.at/demo/wiki.cgi?action=browse&id=RecentChanges&days=14,200,RecentChanges,dse,2026-05-26T13:13:21Z,2026-06-22T08:20:14Z,0,75
20260613055910,https://wikiservice.at/demo/wiki.cgi?action=browse&id=RecentChanges&days=14,200,RecentChanges,fractal,2026-05-26T10:51:00Z,2026-06-22T09:05:32Z,0,41
20260613055910,https://wikiservice.at/demo/wiki.cgi?action=browse&id=RecentChanges&days=14,200,RecentChanges,probier,2026-05-26T15:36:12Z,2026-06-18T20:05:43Z,0,40
20260613060715,https://wikiservice.at/fractal/wiki.cgi?action=browse&id=WikiWikiBelgique/RecentChanges&days=7,200,RecentChanges,dse,2026-05-26T13:13:21Z,2026-06-22T08:20:14Z,0,75
20260613060715,https://wikiservice.at/fractal/wiki.cgi?action=browse&id=WikiWikiBelgique/RecentChanges&days=7,200,RecentChanges,fractal,2026-05-26T10:51:00Z,2026-06-22T09:05:32Z,0,41
20260613060715,https://wikiservice.at/fractal/wiki.cgi?action=browse&id=WikiWikiBelgique/RecentChanges&days=7,200,RecentChanges,probier,2026-05-26T15:36:12Z,2026-06-18T20:05:43Z,0,40
20260613062137,https://www.wikiservice.at/support/wiki.cgi?StartSeite,200,StartSeite,dse,2026-05-26T11:27:48Z,2026-06-22T19:28:18Z,0,456
20260613062137,https://www.wikiservice.at/support/wiki.cgi?StartSeite,200,StartSeite,probier,2026-05-26T14:14:20Z,2026-05-26T14:14:20Z,0,1
20260613062137,https://www.wikiservice.at/support/wiki.cgi?StartSeite,200,Startseite,dse,2026-06-20T21:32:10Z,2026-06-20T21:32:10Z,0,1
20260613062336,https://wikiservice.at/user/milk/wiki.cgi?action=browse&id=RecentChanges,200,RecentChanges,dse,2026-05-26T13:13:21Z,2026-06-22T08:20:14Z,0,75
20260613062336,https://wikiservice.at/user/milk/wiki.cgi?action=browse&id=RecentChanges,200,RecentChanges,fractal,2026-05-26T10:51:00Z,2026-06-22T09:05:32Z,0,41
20260613062336,https://wikiservice.at/user/milk/wiki.cgi?action=browse&id=RecentChanges,200,RecentChanges,probier,2026-05-26T15:36:12Z,2026-06-18T20:05:43Z,0,40
20260613064609,https://wikiservice.at/support/wiki.cgi?action=edit&id=TestSeite&section=33,200,TestSeite,dse,2026-05-26T14:31:27Z,2026-06-22T08:42:22Z,0,238
20260613065257,https://wikiservice.at/prowiki/wiki.cgi?action=editprefs&oldid=Admin/Template/Context&id=Admin/Template/Context,200,Context,probier,2026-05-26T14:06:45Z,2026-05-26T14:06:45Z,0,1
20260613144007,https://wikiservice.at/fractal/wiki.cgi?action=browse&id=FR/PinkoMarketing/DicoDuFutur/RecentChanges&days=2,200,RecentChanges,dse,2026-05-26T13:13:21Z,2026-06-22T08:20:14Z,0,75
20260613144007,https://wikiservice.at/fractal/wiki.cgi?action=browse&id=FR/PinkoMarketing/DicoDuFutur/RecentChanges&days=2,200,RecentChanges,fractal,2026-05-26T10:51:00Z,2026-06-22T09:05:32Z,0,41
20260613144007,https://wikiservice.at/fractal/wiki.cgi?action=browse&id=FR/PinkoMarketing/DicoDuFutur/RecentChanges&days=2,200,RecentChanges,probier,2026-05-26T15:36:12Z,2026-06-18T20:05:43Z,0,40
20260613144550,https://wikiservice.at/fractal/wiki.cgi?FR/CommentFaire/AfficherFormatsImageRares/Context,200,Context,probier,2026-05-26T14:06:45Z,2026-05-26T14:06:45Z,0,1
20260613150854,https://wikiservice.at/prowiki/wiki.cgi?FeatureRequests/AmazonAffiliate/Context,200,Context,probier,2026-05-26T14:06:45Z,2026-05-26T14:06:45Z,0,1
20260613151430,https://wikiservice.at/fractal/wiki.cgi?action=browse&id=FR/SwissLife/RecentChanges&days=1,200,RecentChanges,dse,2026-05-26T13:13:21Z,2026-06-22T08:20:14Z,0,75
20260613151430,https://wikiservice.at/fractal/wiki.cgi?action=browse&id=FR/SwissLife/RecentChanges&days=1,200,RecentChanges,fractal,2026-05-26T10:51:00Z,2026-06-22T09:05:32Z,0,41
20260613151430,https://wikiservice.at/fractal/wiki.cgi?action=browse&id=FR/SwissLife/RecentChanges&days=1,200,RecentChanges,probier,2026-05-26T15:36:12Z,2026-06-18T20:05:43Z,0,40
20260613152730,https://wikiservice.at/fractal/wiki.cgi?action=edit&id=FR/Tontine/Context&section=9,200,Context,probier,2026-05-26T14:06:45Z,2026-05-26T14:06:45Z,0,1
20260613153020,https://wikiservice.at/dict/wiki.cgi?action=browse&id=RecentChanges&days=3,200,RecentChanges,dse,2026-05-26T13:13:21Z,2026-06-22T08:20:14Z,0,75
20260613153020,https://wikiservice.at/dict/wiki.cgi?action=browse&id=RecentChanges&days=3,200,RecentChanges,fractal,2026-05-26T10:51:00Z,2026-06-22T09:05:32Z,0,41
20260613153020,https://wikiservice.at/dict/wiki.cgi?action=browse&id=RecentChanges&days=3,200,RecentChanges,probier,2026-05-26T15:36:12Z,2026-06-18T20:05:43Z,0,40
20260613153223,https://wikiservice.at/fractal/wiki.cgi?SergeStinckwich/Context,200,Context,probier,2026-05-26T14:06:45Z,2026-05-26T14:06:45Z,0,1
20260613153313,https://wikiservice.at/fractal/wiki.cgi?action=browse&id=FR/ConstruireDesBlocs/RecentChanges&from=,200,RecentChanges,dse,2026-05-26T13:13:21Z,2026-06-22T08:20:14Z,0,75
20260613153313,https://wikiservice.at/fractal/wiki.cgi?action=browse&id=FR/ConstruireDesBlocs/RecentChanges&from=,200,RecentChanges,fractal,2026-05-26T10:51:00Z,2026-06-22T09:05:32Z,0,41
20260613153313,https://wikiservice.at/fractal/wiki.cgi?action=browse&id=FR/ConstruireDesBlocs/RecentChanges&from=,200,RecentChanges,probier,2026-05-26T15:36:12Z,2026-06-18T20:05:43Z,0,40
20260613153342,https://www.wikiservice.at/dse/wiki.cgi?Links,200,Links,dse,2026-06-18T20:48:40Z,2026-06-18T20:48:40Z,0,1
20260613154838,https://wikiservice.at/fractal/wiki.cgi?FR/CityDeskEtDesignStandards/ExerciceSurLaPropri%E9t%E9Float/EspaceHtml/Context,200,Context,probier,2026-05-26T14:06:45Z,2026-05-26T14:06:45Z,0,1
20260613175833,https://wikiservice.at/fractal/wiki.cgi?action=browse&id=FR/Identit%E9EnLigne/RecentChanges&days=2,200,RecentChanges,dse,2026-05-26T13:13:21Z,2026-06-22T08:20:14Z,0,75
20260613175833,https://wikiservice.at/fractal/wiki.cgi?action=browse&id=FR/Identit%E9EnLigne/RecentChanges&days=2,200,RecentChanges,fractal,2026-05-26T10:51:00Z,2026-06-22T09:05:32Z,0,41
20260613175833,https://wikiservice.at/fractal/wiki.cgi?action=browse&id=FR/Identit%E9EnLigne/RecentChanges&days=2,200,RecentChanges,probier,2026-05-26T15:36:12Z,2026-06-18T20:05:43Z,0,40
20260613180519,https://wikiservice.at/fractal/wiki.cgi?action=browse&id=WikiWikiBelgique/RecentChanges&days=14,200,RecentChanges,dse,2026-05-26T13:13:21Z,2026-06-22T08:20:14Z,0,75
20260613180519,https://wikiservice.at/fractal/wiki.cgi?action=browse&id=WikiWikiBelgique/RecentChanges&days=14,200,RecentChanges,fractal,2026-05-26T10:51:00Z,2026-06-22T09:05:32Z,0,41
20260613180519,https://wikiservice.at/fractal/wiki.cgi?action=browse&id=WikiWikiBelgique/RecentChanges&days=14,200,RecentChanges,probier,2026-05-26T15:36:12Z,2026-06-18T20:05:43Z,0,40
20260613181732,https://wikiservice.at/buecher/wiki.cgi?action=browse&id=RecentChanges&lang=1,200,RecentChanges,dse,2026-05-26T13:13:21Z,2026-06-22T08:20:14Z,0,75
20260613181732,https://wikiservice.at/buecher/wiki.cgi?action=browse&id=RecentChanges&lang=1,200,RecentChanges,fractal,2026-05-26T10:51:00Z,2026-06-22T09:05:32Z,0,41
20260613181732,https://wikiservice.at/buecher/wiki.cgi?action=browse&id=RecentChanges&lang=1,200,RecentChanges,probier,2026-05-26T15:36:12Z,2026-06-18T20:05:43Z,0,40
20260613182651,https://wikiservice.at/gruender/wiki.cgi?MitteilungAnAlleLeser/TestSeite,200,TestSeite,dse,2026-05-26T14:31:27Z,2026-06-22T08:42:22Z,0,238
20260613183207,https://wikiservice.at/fractal/wiki.cgi?action=editprefs&lang=2&oldid=FR/WikiUp/RecentChanges&id=FR/WikiUp/RecentChanges,200,RecentChanges,dse,2026-05-26T13:13:21Z,2026-06-22T08:20:14Z,0,75
20260613183207,https://wikiservice.at/fractal/wiki.cgi?action=editprefs&lang=2&oldid=FR/WikiUp/RecentChanges&id=FR/WikiUp/RecentChanges,200,RecentChanges,fractal,2026-05-26T10:51:00Z,2026-06-22T09:05:32Z,0,41
20260613183207,https://wikiservice.at/fractal/wiki.cgi?action=editprefs&lang=2&oldid=FR/WikiUp/RecentChanges&id=FR/WikiUp/RecentChanges,200,RecentChanges,probier,2026-05-26T15:36:12Z,2026-06-18T20:05:43Z,0,40
20260613183749,https://wikiservice.at/fractal/wiki.cgi?action=browse&id=Wikis/Francais/TestPage/SousSousWiki/RecentChanges&days=7,200,RecentChanges,dse,2026-05-26T13:13:21Z,2026-06-22T08:20:14Z,0,75
20260613183749,https://wikiservice.at/fractal/wiki.cgi?action=browse&id=Wikis/Francais/TestPage/SousSousWiki/RecentChanges&days=7,200,RecentChanges,fractal,2026-05-26T10:51:00Z,2026-06-22T09:05:32Z,0,41
20260613183749,https://wikiservice.at/fractal/wiki.cgi?action=browse&id=Wikis/Francais/TestPage/SousSousWiki/RecentChanges&days=7,200,RecentChanges,probier,2026-05-26T15:36:12Z,2026-06-18T20:05:43Z,0,40
20260613185612,https://wikiservice.at/lotr/wiki.cgi?action=browse&id=RecentChanges&days=2,200,RecentChanges,dse,2026-05-26T13:13:21Z,2026-06-22T08:20:14Z,0,75
20260613185612,https://wikiservice.at/lotr/wiki.cgi?action=browse&id=RecentChanges&days=2,200,RecentChanges,fractal,2026-05-26T10:51:00Z,2026-06-22T09:05:32Z,0,41
20260613185612,https://wikiservice.at/lotr/wiki.cgi?action=browse&id=RecentChanges&days=2,200,RecentChanges,probier,2026-05-26T15:36:12Z,2026-06-18T20:05:43Z,0,40
20260613185634,https://wikiservice.at/fractal/wiki.cgi?action=editprefs&lang=2&oldid=FR/LesOiesSauvages/RecentChanges&id=FR/LesOiesSauvages/RecentChanges,200,RecentChanges,dse,2026-05-26T13:13:21Z,2026-06-22T08:20:14Z,0,75
20260613185634,https://wikiservice.at/fractal/wiki.cgi?action=editprefs&lang=2&oldid=FR/LesOiesSauvages/RecentChanges&id=FR/LesOiesSauvages/RecentChanges,200,RecentChanges,fractal,2026-05-26T10:51:00Z,2026-06-22T09:05:32Z,0,41
20260613185634,https://wikiservice.at/fractal/wiki.cgi?action=editprefs&lang=2&oldid=FR/LesOiesSauvages/RecentChanges&id=FR/LesOiesSauvages/RecentChanges,200,RecentChanges,probier,2026-05-26T15:36:12Z,2026-06-18T20:05:43Z,0,40
20260613190224,https://wikiservice.at/fractal/wiki.cgi?UtiliserSouspage/Context,200,Context,probier,2026-05-26T14:06:45Z,2026-05-26T14:06:45Z,0,1
20260613205636,https://www.wikiservice.at/gruender/wiki.cgi?action=multilink&id=StartSeite&link=WardsWiki,200,StartSeite,dse,2026-05-26T11:27:48Z,2026-06-22T19:28:18Z,0,456
20260613205636,https://www.wikiservice.at/gruender/wiki.cgi?action=multilink&id=StartSeite&link=WardsWiki,200,StartSeite,probier,2026-05-26T14:14:20Z,2026-05-26T14:14:20Z,0,1
20260613205636,https://www.wikiservice.at/gruender/wiki.cgi?action=multilink&id=StartSeite&link=WardsWiki,200,Startseite,dse,2026-06-20T21:32:10Z,2026-06-20T21:32:10Z,0,1
20260613210720,https://www.wikiservice.at/support/wiki.cgi?ActionTextall/MusterBeispiel/Context,200,Context,probier,2026-05-26T14:06:45Z,2026-05-26T14:06:45Z,0,1
20260613211823,https://www.wikiservice.at/gruender/wiki.cgi?action=browse&id=RecentChanges&days=3,200,RecentChanges,dse,2026-05-26T13:13:21Z,2026-06-22T08:20:14Z,0,75
20260613211823,https://www.wikiservice.at/gruender/wiki.cgi?action=browse&id=RecentChanges&days=3,200,RecentChanges,fractal,2026-05-26T10:51:00Z,2026-06-22T09:05:32Z,0,41
20260613211823,https://www.wikiservice.at/gruender/wiki.cgi?action=browse&id=RecentChanges&days=3,200,RecentChanges,probier,2026-05-26T15:36:12Z,2026-06-18T20:05:43Z,0,40
20260613212144,https://www.wikiservice.at/gruender/wiki.cgi?action=browse&id=RecentChanges&days=30,200,RecentChanges,dse,2026-05-26T13:13:21Z,2026-06-22T08:20:14Z,0,75
20260613212144,https://www.wikiservice.at/gruender/wiki.cgi?action=browse&id=RecentChanges&days=30,200,RecentChanges,fractal,2026-05-26T10:51:00Z,2026-06-22T09:05:32Z,0,41
20260613212144,https://www.wikiservice.at/gruender/wiki.cgi?action=browse&id=RecentChanges&days=30,200,RecentChanges,probier,2026-05-26T15:36:12Z,2026-06-18T20:05:43Z,0,40
20260613213642,https://prowiki.org/prowiki/wiki.cgi?WhiteSpaceMeansWhiteSpace/Context,200,Context,probier,2026-05-26T14:06:45Z,2026-05-26T14:06:45Z,0,1
20260613213851,https://www.wikiservice.at/gruender/wiki.cgi?action=browse&id=RecentChanges&days=14,200,RecentChanges,dse,2026-05-26T13:13:21Z,2026-06-22T08:20:14Z,0,75
20260613213851,https://www.wikiservice.at/gruender/wiki.cgi?action=browse&id=RecentChanges&days=14,200,RecentChanges,fractal,2026-05-26T10:51:00Z,2026-06-22T09:05:32Z,0,41
20260613213851,https://www.wikiservice.at/gruender/wiki.cgi?action=browse&id=RecentChanges&days=14,200,RecentChanges,probier,2026-05-26T15:36:12Z,2026-06-18T20:05:43Z,0,40
20260613213910,https://prowiki.org/prowiki/wiki.cgi?action=editprefs&oldid=DiscussionPage/Context&id=DiscussionPage/Context,200,Context,probier,2026-05-26T14:06:45Z,2026-05-26T14:06:45Z,0,1
20260613213957,https://www.wikiservice.at/gruender/wiki.cgi?action=multilink&id=StartSeite&link=OrdnerTeilnehmer,200,StartSeite,dse,2026-05-26T11:27:48Z,2026-06-22T19:28:18Z,0,456
20260613213957,https://www.wikiservice.at/gruender/wiki.cgi?action=multilink&id=StartSeite&link=OrdnerTeilnehmer,200,StartSeite,probier,2026-05-26T14:14:20Z,2026-05-26T14:14:20Z,0,1
20260613213957,https://www.wikiservice.at/gruender/wiki.cgi?action=multilink&id=StartSeite&link=OrdnerTeilnehmer,200,Startseite,dse,2026-06-20T21:32:10Z,2026-06-20T21:32:10Z,0,1
20260613214323,https://www.wikiservice.at/lotr/wiki.cgi?StartSeite,200,StartSeite,dse,2026-05-26T11:27:48Z,2026-06-22T19:28:18Z,0,456
20260613214323,https://www.wikiservice.at/lotr/wiki.cgi?StartSeite,200,StartSeite,probier,2026-05-26T14:14:20Z,2026-05-26T14:14:20Z,0,1
20260613214323,https://www.wikiservice.at/lotr/wiki.cgi?StartSeite,200,Startseite,dse,2026-06-20T21:32:10Z,2026-06-20T21:32:10Z,0,1
20260613214650,https://www.wikiservice.at/gruender/wiki.cgi?action=multilink&id=RecentChanges&link=FranzNahrada,200,RecentChanges,dse,2026-05-26T13:13:21Z,2026-06-22T08:20:14Z,0,75
20260613214650,https://www.wikiservice.at/gruender/wiki.cgi?action=multilink&id=RecentChanges&link=FranzNahrada,200,RecentChanges,fractal,2026-05-26T10:51:00Z,2026-06-22T09:05:32Z,0,41
20260613214650,https://www.wikiservice.at/gruender/wiki.cgi?action=multilink&id=RecentChanges&link=FranzNahrada,200,RecentChanges,probier,2026-05-26T15:36:12Z,2026-06-18T20:05:43Z,0,40
20260613215325,https://www.wikiservice.at/fractal/wiki.cgi?Wikis/PeriPeriClone/SandBox,200,SandBox,dse,2026-05-26T16:45:52Z,2026-06-22T08:38:38Z,0,8
20260613215325,https://www.wikiservice.at/fractal/wiki.cgi?Wikis/PeriPeriClone/SandBox,200,SandBox,fractal,2026-05-26T11:55:49Z,2026-06-22T08:51:08Z,0,3
20260613215325,https://www.wikiservice.at/fractal/wiki.cgi?Wikis/PeriPeriClone/SandBox,200,SandBox,probier,2026-06-09T09:24:03Z,2026-06-22T08:37:25Z,0,21
20260613215358,https://www.wikiservice.at/gruender/wiki.cgi?action=browse&id=RecentChanges&from=,200,RecentChanges,dse,2026-05-26T13:13:21Z,2026-06-22T08:20:14Z,0,75
20260613215358,https://www.wikiservice.at/gruender/wiki.cgi?action=browse&id=RecentChanges&from=,200,RecentChanges,fractal,2026-05-26T10:51:00Z,2026-06-22T09:05:32Z,0,41
20260613215358,https://www.wikiservice.at/gruender/wiki.cgi?action=browse&id=RecentChanges&from=,200,RecentChanges,probier,2026-05-26T15:36:12Z,2026-06-18T20:05:43Z,0,40
20260613215628,https://www.wikiservice.at/gruender/wiki.cgi?action=multilink&id=StartSeite&link=EditWar,200,StartSeite,dse,2026-05-26T11:27:48Z,2026-06-22T19:28:18Z,0,456
20260613215628,https://www.wikiservice.at/gruender/wiki.cgi?action=multilink&id=StartSeite&link=EditWar,200,StartSeite,probier,2026-05-26T14:14:20Z,2026-05-26T14:14:20Z,0,1
20260613215628,https://www.wikiservice.at/gruender/wiki.cgi?action=multilink&id=StartSeite&link=EditWar,200,Startseite,dse,2026-06-20T21:32:10Z,2026-06-20T21:32:10Z,0,1
20260613215804,https://www.wikiservice.at/fractal/wiki.cgi?action=browse&id=FR/LesOiesSauvages/RecentChanges&lang=2,200,RecentChanges,dse,2026-05-26T13:13:21Z,2026-06-22T08:20:14Z,0,75
20260613215804,https://www.wikiservice.at/fractal/wiki.cgi?action=browse&id=FR/LesOiesSauvages/RecentChanges&lang=2,200,RecentChanges,fractal,2026-05-26T10:51:00Z,2026-06-22T09:05:32Z,0,41
20260613215804,https://www.wikiservice.at/fractal/wiki.cgi?action=browse&id=FR/LesOiesSauvages/RecentChanges&lang=2,200,RecentChanges,probier,2026-05-26T15:36:12Z,2026-06-18T20:05:43Z,0,40
20260613220358,https://www.wikiservice.at/fractal/wiki.cgi?action=browse&id=Wikis/PeriPeriClone/RecentChanges,200,RecentChanges,dse,2026-05-26T13:13:21Z,2026-06-22T08:20:14Z,0,75
20260613220358,https://www.wikiservice.at/fractal/wiki.cgi?action=browse&id=Wikis/PeriPeriClone/RecentChanges,200,RecentChanges,fractal,2026-05-26T10:51:00Z,2026-06-22T09:05:32Z,0,41
20260613220358,https://www.wikiservice.at/fractal/wiki.cgi?action=browse&id=Wikis/PeriPeriClone/RecentChanges,200,RecentChanges,probier,2026-05-26T15:36:12Z,2026-06-18T20:05:43Z,0,40
20260613220623,https://www.wikiservice.at/fractal/wiki.cgi?ContextVariables/RecentChanges,200,RecentChanges,dse,2026-05-26T13:13:21Z,2026-06-22T08:20:14Z,0,75
20260613220623,https://www.wikiservice.at/fractal/wiki.cgi?ContextVariables/RecentChanges,200,RecentChanges,fractal,2026-05-26T10:51:00Z,2026-06-22T09:05:32Z,0,41
20260613220623,https://www.wikiservice.at/fractal/wiki.cgi?ContextVariables/RecentChanges,200,RecentChanges,probier,2026-05-26T15:36:12Z,2026-06-18T20:05:43Z,0,40
20260613220648,https://www.wikiservice.at/fractal/wiki.cgi?Wikis/PeriPeriClone/Context,200,Context,probier,2026-05-26T14:06:45Z,2026-05-26T14:06:45Z,0,1
20260613221040,https://www.wikiservice.at/gruender/wiki.cgi?action=browse&id=RecentChanges&days=1,200,RecentChanges,dse,2026-05-26T13:13:21Z,2026-06-22T08:20:14Z,0,75
20260613221040,https://www.wikiservice.at/gruender/wiki.cgi?action=browse&id=RecentChanges&days=1,200,RecentChanges,fractal,2026-05-26T10:51:00Z,2026-06-22T09:05:32Z,0,41
20260613221040,https://www.wikiservice.at/gruender/wiki.cgi?action=browse&id=RecentChanges&days=1,200,RecentChanges,probier,2026-05-26T15:36:12Z,2026-06-18T20:05:43Z,0,40
20260613221229,https://www.wikiservice.at/gruender/wiki.cgi?action=multilink&id=RecentChanges&link=Gr%FCnderWiki,200,RecentChanges,dse,2026-05-26T13:13:21Z,2026-06-22T08:20:14Z,0,75
20260613221229,https://www.wikiservice.at/gruender/wiki.cgi?action=multilink&id=RecentChanges&link=Gr%FCnderWiki,200,RecentChanges,fractal,2026-05-26T10:51:00Z,2026-06-22T09:05:32Z,0,41
20260613221229,https://www.wikiservice.at/gruender/wiki.cgi?action=multilink&id=RecentChanges&link=Gr%FCnderWiki,200,RecentChanges,probier,2026-05-26T15:36:12Z,2026-06-18T20:05:43Z,0,40
20260613221917,https://www.wikiservice.at/gruender/wiki.cgi?action=browse&id=RecentChanges&days=7,200,RecentChanges,dse,2026-05-26T13:13:21Z,2026-06-22T08:20:14Z,0,75
20260613221917,https://www.wikiservice.at/gruender/wiki.cgi?action=browse&id=RecentChanges&days=7,200,RecentChanges,fractal,2026-05-26T10:51:00Z,2026-06-22T09:05:32Z,0,41
20260613221917,https://www.wikiservice.at/gruender/wiki.cgi?action=browse&id=RecentChanges&days=7,200,RecentChanges,probier,2026-05-26T15:36:12Z,2026-06-18T20:05:43Z,0,40
20260613222035,https://prowiki.org/fractal/wiki.cgi?action=browse&id=FR/Tontine/RecentChanges&lang=2,200,RecentChanges,dse,2026-05-26T13:13:21Z,2026-06-22T08:20:14Z,0,75
20260613222035,https://prowiki.org/fractal/wiki.cgi?action=browse&id=FR/Tontine/RecentChanges&lang=2,200,RecentChanges,fractal,2026-05-26T10:51:00Z,2026-06-22T09:05:32Z,0,41
20260613222035,https://prowiki.org/fractal/wiki.cgi?action=browse&id=FR/Tontine/RecentChanges&lang=2,200,RecentChanges,probier,2026-05-26T15:36:12Z,2026-06-18T20:05:43Z,0,40
20260613222044,https://www.wikiservice.at/fractal/wiki.cgi?ContextVariables/Context,200,Context,probier,2026-05-26T14:06:45Z,2026-05-26T14:06:45Z,0,1
20260613222225,https://prowiki.org/prowiki/wiki.cgi?action=browse&id=RecentChanges&from=,200,RecentChanges,dse,2026-05-26T13:13:21Z,2026-06-22T08:20:14Z,0,75
20260613222225,https://prowiki.org/prowiki/wiki.cgi?action=browse&id=RecentChanges&from=,200,RecentChanges,fractal,2026-05-26T10:51:00Z,2026-06-22T09:05:32Z,0,41
20260613222225,https://prowiki.org/prowiki/wiki.cgi?action=browse&id=RecentChanges&from=,200,RecentChanges,probier,2026-05-26T15:36:12Z,2026-06-18T20:05:43Z,0,40
20260613222318,https://www.wikiservice.at/gruender/wiki.cgi?action=editprefs&lang=1&oldid=RecentChanges&id=RecentChanges,200,RecentChanges,dse,2026-05-26T13:13:21Z,2026-06-22T08:20:14Z,0,75
20260613222318,https://www.wikiservice.at/gruender/wiki.cgi?action=editprefs&lang=1&oldid=RecentChanges&id=RecentChanges,200,RecentChanges,fractal,2026-05-26T10:51:00Z,2026-06-22T09:05:32Z,0,41
20260613222318,https://www.wikiservice.at/gruender/wiki.cgi?action=editprefs&lang=1&oldid=RecentChanges&id=RecentChanges,200,RecentChanges,probier,2026-05-26T15:36:12Z,2026-06-18T20:05:43Z,0,40
20260613222610,https://www.wikiservice.at/gruender/wiki.cgi?action=browse&id=RecentChanges&days=2,200,RecentChanges,dse,2026-05-26T13:13:21Z,2026-06-22T08:20:14Z,0,75
20260613222610,https://www.wikiservice.at/gruender/wiki.cgi?action=browse&id=RecentChanges&days=2,200,RecentChanges,fractal,2026-05-26T10:51:00Z,2026-06-22T09:05:32Z,0,41
20260613222610,https://www.wikiservice.at/gruender/wiki.cgi?action=browse&id=RecentChanges&days=2,200,RecentChanges,probier,2026-05-26T15:36:12Z,2026-06-18T20:05:43Z,0,40
20260614064019,https://wikiservice.at/buecher/wiki.cgi?StartSeite,200,StartSeite,dse,2026-05-26T11:27:48Z,2026-06-22T19:28:18Z,0,456
20260614064019,https://wikiservice.at/buecher/wiki.cgi?StartSeite,200,StartSeite,probier,2026-05-26T14:14:20Z,2026-05-26T14:14:20Z,0,1
20260614064019,https://wikiservice.at/buecher/wiki.cgi?StartSeite,200,Startseite,dse,2026-06-20T21:32:10Z,2026-06-20T21:32:10Z,0,1
20260614064139,https://wikiservice.at/wiki.cgi?StartSeite,200,StartSeite,dse,2026-05-26T11:27:48Z,2026-06-22T19:28:18Z,0,456
20260614064139,https://wikiservice.at/wiki.cgi?StartSeite,200,StartSeite,probier,2026-05-26T14:14:20Z,2026-05-26T14:14:20Z,0,1
20260614064139,https://wikiservice.at/wiki.cgi?StartSeite,200,Startseite,dse,2026-06-20T21:32:10Z,2026-06-20T21:32:10Z,0,1
20260614070716,https://wikiservice.at/dict/es/wiki.cgi?SandBox,200,SandBox,dse,2026-05-26T16:45:52Z,2026-06-22T08:38:38Z,0,8
20260614070716,https://wikiservice.at/dict/es/wiki.cgi?SandBox,200,SandBox,fractal,2026-05-26T11:55:49Z,2026-06-22T08:51:08Z,0,3
20260614070716,https://wikiservice.at/dict/es/wiki.cgi?SandBox,200,SandBox,probier,2026-06-09T09:24:03Z,2026-06-22T08:37:25Z,0,21
20260614071248,https://wikiservice.at/fractal/wiki.cgi?action=browse&id=FR/MicroFormats/RecentChanges&lang=2,200,RecentChanges,dse,2026-05-26T13:13:21Z,2026-06-22T08:20:14Z,0,75
20260614071248,https://wikiservice.at/fractal/wiki.cgi?action=browse&id=FR/MicroFormats/RecentChanges&lang=2,200,RecentChanges,fractal,2026-05-26T10:51:00Z,2026-06-22T09:05:32Z,0,41
20260614071248,https://wikiservice.at/fractal/wiki.cgi?action=browse&id=FR/MicroFormats/RecentChanges&lang=2,200,RecentChanges,probier,2026-05-26T15:36:12Z,2026-06-18T20:05:43Z,0,40
20260614072213,https://wikiservice.at/wiki.cgi?action=browse&id=RecentChanges&days=1,200,RecentChanges,dse,2026-05-26T13:13:21Z,2026-06-22T08:20:14Z,0,75
20260614072213,https://wikiservice.at/wiki.cgi?action=browse&id=RecentChanges&days=1,200,RecentChanges,fractal,2026-05-26T10:51:00Z,2026-06-22T09:05:32Z,0,41
20260614072213,https://wikiservice.at/wiki.cgi?action=browse&id=RecentChanges&days=1,200,RecentChanges,probier,2026-05-26T15:36:12Z,2026-06-18T20:05:43Z,0,40
20260614072517,https://wikiservice.at/support/wiki.cgi?action=browse&id=RecentChanges&lang=1,200,RecentChanges,dse,2026-05-26T13:13:21Z,2026-06-22T08:20:14Z,0,75
20260614072517,https://wikiservice.at/support/wiki.cgi?action=browse&id=RecentChanges&lang=1,200,RecentChanges,fractal,2026-05-26T10:51:00Z,2026-06-22T09:05:32Z,0,41
20260614072517,https://wikiservice.at/support/wiki.cgi?action=browse&id=RecentChanges&lang=1,200,RecentChanges,probier,2026-05-26T15:36:12Z,2026-06-18T20:05:43Z,0,40
20260614072549,https://prowiki.org/fractal/wiki.cgi?action=editprefs&lang=2&oldid=FR/PaysagisteNum%E9rique/RecentChanges&id=FR/PaysagisteNum%E9rique/RecentChanges,200,RecentChanges,dse,2026-05-26T13:13:21Z,2026-06-22T08:20:14Z,0,75
20260614072549,https://prowiki.org/fractal/wiki.cgi?action=editprefs&lang=2&oldid=FR/PaysagisteNum%E9rique/RecentChanges&id=FR/PaysagisteNum%E9rique/RecentChanges,200,RecentChanges,fractal,2026-05-26T10:51:00Z,2026-06-22T09:05:32Z,0,41
20260614072549,https://prowiki.org/fractal/wiki.cgi?action=editprefs&lang=2&oldid=FR/PaysagisteNum%E9rique/RecentChanges&id=FR/PaysagisteNum%E9rique/RecentChanges,200,RecentChanges,probier,2026-05-26T15:36:12Z,2026-06-18T20:05:43Z,0,40
20260614073144,https://wikiservice.at/fractal/wiki.cgi?action=browse&id=FR/PinkoMarketing/RecentChanges&lang=2,200,RecentChanges,dse,2026-05-26T13:13:21Z,2026-06-22T08:20:14Z,0,75
20260614073144,https://wikiservice.at/fractal/wiki.cgi?action=browse&id=FR/PinkoMarketing/RecentChanges&lang=2,200,RecentChanges,fractal,2026-05-26T10:51:00Z,2026-06-22T09:05:32Z,0,41
20260614073144,https://wikiservice.at/fractal/wiki.cgi?action=browse&id=FR/PinkoMarketing/RecentChanges&lang=2,200,RecentChanges,probier,2026-05-26T15:36:12Z,2026-06-18T20:05:43Z,0,40
20260614073225,https://prowiki.org/fractal/wiki.cgi?FR/TwitterFanClub/RecentChanges,200,RecentChanges,dse,2026-05-26T13:13:21Z,2026-06-22T08:20:14Z,0,75
20260614073225,https://prowiki.org/fractal/wiki.cgi?FR/TwitterFanClub/RecentChanges,200,RecentChanges,fractal,2026-05-26T10:51:00Z,2026-06-22T09:05:32Z,0,41
20260614073225,https://prowiki.org/fractal/wiki.cgi?FR/TwitterFanClub/RecentChanges,200,RecentChanges,probier,2026-05-26T15:36:12Z,2026-06-18T20:05:43Z,0,40
20260614073338,https://wikiservice.at/fractal/wiki.cgi?action=browse&id=FR/EveMoreau/RecentChanges&lang=2,200,RecentChanges,dse,2026-05-26T13:13:21Z,2026-06-22T08:20:14Z,0,75
20260614073338,https://wikiservice.at/fractal/wiki.cgi?action=browse&id=FR/EveMoreau/RecentChanges&lang=2,200,RecentChanges,fractal,2026-05-26T10:51:00Z,2026-06-22T09:05:32Z,0,41
20260614073338,https://wikiservice.at/fractal/wiki.cgi?action=browse&id=FR/EveMoreau/RecentChanges&lang=2,200,RecentChanges,probier,2026-05-26T15:36:12Z,2026-06-18T20:05:43Z,0,40
20260614073548,https://prowiki.org/dse/wiki.cgi?action=browse&id=RecentChanges&days=30,200,RecentChanges,dse,2026-05-26T13:13:21Z,2026-06-22T08:20:14Z,0,75
20260614073548,https://prowiki.org/dse/wiki.cgi?action=browse&id=RecentChanges&days=30,200,RecentChanges,fractal,2026-05-26T10:51:00Z,2026-06-22T09:05:32Z,0,41
20260614073548,https://prowiki.org/dse/wiki.cgi?action=browse&id=RecentChanges&days=30,200,RecentChanges,probier,2026-05-26T15:36:12Z,2026-06-18T20:05:43Z,0,40
20260614073655,https://prowiki.org/fractal/wiki.cgi?action=edit&id=FR/Context&section=5,200,Context,probier,2026-05-26T14:06:45Z,2026-05-26T14:06:45Z,0,1
20260614073905,https://wikiservice.at/dict/es/wiki.cgi?action=browse&id=RecentChanges,200,RecentChanges,dse,2026-05-26T13:13:21Z,2026-06-22T08:20:14Z,0,75
20260614073905,https://wikiservice.at/dict/es/wiki.cgi?action=browse&id=RecentChanges,200,RecentChanges,fractal,2026-05-26T10:51:00Z,2026-06-22T09:05:32Z,0,41
20260614073905,https://wikiservice.at/dict/es/wiki.cgi?action=browse&id=RecentChanges,200,RecentChanges,probier,2026-05-26T15:36:12Z,2026-06-18T20:05:43Z,0,40
20260614074023,https://wikiservice.at/fractal/wiki.cgi?action=browse&id=FR/BarCamp/BarCampBank/RecentChanges&lang=2,200,RecentChanges,dse,2026-05-26T13:13:21Z,2026-06-22T08:20:14Z,0,75
20260614074023,https://wikiservice.at/fractal/wiki.cgi?action=browse&id=FR/BarCamp/BarCampBank/RecentChanges&lang=2,200,RecentChanges,fractal,2026-05-26T10:51:00Z,2026-06-22T09:05:32Z,0,41
20260614074023,https://wikiservice.at/fractal/wiki.cgi?action=browse&id=FR/BarCamp/BarCampBank/RecentChanges&lang=2,200,RecentChanges,probier,2026-05-26T15:36:12Z,2026-06-18T20:05:43Z,0,40
20260614074446,https://wikiservice.at/fractal/wiki.cgi?action=browse&id=EN/BarCampBank/RecentChanges,200,RecentChanges,dse,2026-05-26T13:13:21Z,2026-06-22T08:20:14Z,0,75
20260614074446,https://wikiservice.at/fractal/wiki.cgi?action=browse&id=EN/BarCampBank/RecentChanges,200,RecentChanges,fractal,2026-05-26T10:51:00Z,2026-06-22T09:05:32Z,0,41
20260614074446,https://wikiservice.at/fractal/wiki.cgi?action=browse&id=EN/BarCampBank/RecentChanges,200,RecentChanges,probier,2026-05-26T15:36:12Z,2026-06-18T20:05:43Z,0,40
20260614094923,https://www.wikiservice.at/gruender/wiki.cgi?TuToRi/Hintergr%FCnde/Context,200,Context,probier,2026-05-26T14:06:45Z,2026-05-26T14:06:45Z,0,1
20260614101014,https://www.wikiservice.at/gruender/wiki.cgi?OnlineCommunity/Links,200,Links,dse,2026-06-18T20:48:40Z,2026-06-18T20:48:40Z,0,1
20260614101247,https://www.wikiservice.at/gruender/wiki.cgi?AndreasNeuhoff/SketchThomas/Context,200,Context,probier,2026-05-26T14:06:45Z,2026-05-26T14:06:45Z,0,1
20260614103145,https://www.wikiservice.at/gruender/wiki.cgi?Schule/TestLink,200,TestLink,dse,2026-06-17T01:58:27Z,2026-06-17T02:02:58Z,0,7
20260614124642,https://prowiki.org/dse/wiki.cgi?AsciiTestContent,200,AsciiTestContent,dse,2026-05-26T16:45:51Z,2026-05-26T16:45:51Z,0,1
20260614124858,https://prowiki.org/dse/wiki.cgi?PublicBudgetReferences,200,PublicBudgetReferences,dse,2026-05-26T16:13:06Z,2026-05-26T16:13:06Z,0,1
20260614125048,https://prowiki.org/dse/wiki.cgi?AgentTBDirectApiRefsLQ11,200,AgentTBDirectApiRefsLQ11,dse,2026-05-29T22:29:33Z,2026-05-29T22:29:33Z,0,1
20260614125148,https://prowiki.org/dse/wiki.cgi?AgentUNAIDSKPAArcGISRefsD912,200,AgentUNAIDSKPAArcGISRefsD912,dse,2026-06-01T22:17:17Z,2026-06-18T19:19:03Z,0,2
20260614125302,https://prowiki.org/dse/wiki.cgi?TempOurSave90217,200,TempOurSave90217,dse,2026-05-26T16:39:35Z,2026-06-18T14:31:07Z,0,2
20260614125456,https://prowiki.org/dse/wiki.cgi?AgentCharlestonArchivePartFourMetadataCleanViewB,200,AgentCharlestonArchivePartFourMetadataCleanViewB,dse,2026-05-28T09:28:20Z,2026-05-28T09:32:04Z,0,2
20260614125523,https://prowiki.org/dse/wiki.cgi?AgentClarkCleanJoinedEconRefsFinalQQ90127,200,AgentClarkCleanJoinedEconRefsFinalQQ90127,dse,2026-06-01T14:59:48Z,2026-06-01T14:59:48Z,0,1
20260614125553,https://prowiki.org/dse/wiki.cgi?QuarterlyBalanceDataSourcesTest,200,QuarterlyBalanceDataSourcesTest,dse,2026-05-26T13:37:51Z,2026-05-26T16:54:45Z,0,3
20260614125623,https://prowiki.org/dse/wiki.cgi?AgentDataUsaJsonLinkS2,200,AgentDataUsaJsonLinkS2,dse,2026-05-28T00:50:13Z,2026-05-28T00:50:13Z,0,1
20260614125650,https://prowiki.org/prowiki/wiki.cgi?action=editprefs&oldid=WikiWeb&id=WikiWeb,200,WikiWeb,dse,2026-06-22T02:57:53Z,2026-06-22T02:57:53Z,0,1
20260614125746,https://prowiki.org/dse/wiki.cgi?AgentMarketYahooRefsMineOneB,200,AgentMarketYahooRefsMineOneB,dse,2026-05-28T19:32:12Z,2026-05-28T19:32:12Z,0,1
20260614125813,https://prowiki.org/dse/wiki.cgi?AgentZeroRspaceDirectAccessRefsQ2026,200,AgentZeroRspaceDirectAccessRefsQ2026,dse,2026-05-28T16:20:21Z,2026-05-28T16:20:21Z,0,1
20260614125816,https://www.wikiservice.at/support/wiki.cgi?Link/Context,200,Context,probier,2026-05-26T14:06:45Z,2026-05-26T14:06:45Z,0,1
20260614125840,https://prowiki.org/dse/wiki.cgi?AgentMDLSourceCitationReadyZ77,200,AgentMDLSourceCitationReadyZ77,dse,2026-05-31T00:09:58Z,2026-05-31T00:09:58Z,0,1
20260614125906,https://www.wikiservice.at/gruender/wiki.cgi?StartSeite/Context,200,Context,probier,2026-05-26T14:06:45Z,2026-05-26T14:06:45Z,0,1
20260614130055,https://www.wikiservice.at/gruender/wiki.cgi?WorkBench/Context,200,Context,probier,2026-05-26T14:06:45Z,2026-05-26T14:06:45Z,0,1
20260614130147,https://prowiki.org/dse/wiki.cgi?SandboxAgentXYZ,200,SandboxAgentXYZ,dse,2026-05-26T15:04:06Z,2026-05-26T16:13:00Z,0,3
20260614130214,https://prowiki.org/dse/wiki.cgi?AgentCitationTechDirectMETLRecordHashB0526,200,AgentCitationTechDirectMETLRecordHashB0526,dse,2026-05-30T22:33:40Z,2026-05-30T22:33:40Z,0,1
20260614130240,https://prowiki.org/dse/wiki.cgi?AgentClarkNewsletterReaderLinksCFQ2,200,AgentClarkNewsletterReaderLinksCFQ2,dse,2026-06-01T14:25:03Z,2026-06-01T14:32:35Z,0,2
20260614130340,https://prowiki.org/dse/wiki.cgi?AgentDailyRowsMasterOneQK75291,200,AgentDailyRowsMasterOneQK75291,dse,2026-05-28T21:00:57Z,2026-05-28T21:00:57Z,0,1
20260614130447,https://prowiki.org/dse/wiki.cgi?Agent0DirectRspacePublicPagesHTMLLinksZ9165A,200,Agent0DirectRspacePublicPagesHTMLLinksZ9165A,dse,2026-05-28T14:12:26Z,2026-05-28T14:12:26Z,0,1
20260614130616,https://prowiki.org/dse/wiki.cgi?AgentYahooHistoricalRowsBridgeAA,200,AgentYahooHistoricalRowsBridgeAA,dse,2026-05-28T19:01:25Z,2026-05-28T19:01:25Z,0,1
20260614130809,https://prowiki.org/dse/wiki.cgi?SandboxTmpAPI3,200,SandboxTmpAPI3,dse,2026-05-29T23:10:38Z,2026-05-29T23:10:38Z,0,1
20260614130833,https://prowiki.org/dse/wiki.cgi?AgentJsonMarkdownDomainManifestHCharleston2026,200,AgentJsonMarkdownDomainManifestHCharleston2026,dse,2026-05-28T13:18:50Z,2026-05-28T13:18:50Z,0,1
20260614130947,https://prowiki.org/dse/wiki.cgi?AgentMarkdownHistoricalCYBRefQMX66251,200,AgentMarkdownHistoricalCYBRefQMX66251,dse,2026-05-28T22:11:22Z,2026-05-28T22:11:22Z,0,1
20260614131012,https://prowiki.org/dse/wiki.cgi?TmpAgentTryLINKNEW,200,TmpAgentTryLINKNEW,dse,2026-05-26T16:21:06Z,2026-05-26T16:21:06Z,0,1
20260614131059,https://prowiki.org/dse/wiki.cgi?AgentYahooProxyMuleUniqueSs,200,AgentYahooProxyMuleUniqueSs,dse,2026-05-28T21:36:31Z,2026-05-28T21:36:31Z,0,1
20260614131213,https://prowiki.org/dse/wiki.cgi?AgentSimplifiedMdYahooArchiveQQZ77334,200,AgentSimplifiedMdYahooArchiveQQZ77334,dse,2026-05-28T22:17:40Z,2026-05-28T22:17:40Z,0,1
20260614131302,https://prowiki.org/dse/wiki.cgi?AgentCallorHS,200,AgentCallorHS,dse,2026-06-01T23:54:16Z,2026-06-16T21:06:44Z,0,2
20260614131325,https://prowiki.org/dse/wiki.cgi?AgentMhs52936XMLCDMRef0526,200,AgentMhs52936XMLCDMRef0526,dse,2026-05-30T22:49:42Z,2026-05-30T22:49:42Z,0,1
20260614131349,https://prowiki.org/dse/wiki.cgi?AgentIvyTuitionValues2015XQ,200,AgentIvyTuitionValues2015XQ,dse,2026-06-01T16:14:15Z,2026-06-22T08:53:29Z,0,16
20260614131411,https://prowiki.org/dse/wiki.cgi?AgentOfficialDirectQueryAA3,200,AgentOfficialDirectQueryAA3,dse,2026-05-28T01:16:54Z,2026-05-28T01:16:54Z,0,1
20260614131433,https://prowiki.org/dse/wiki.cgi?AgentClarkRetryCookie,200,AgentClarkRetryCookie,dse,2026-06-01T14:42:27Z,2026-06-01T14:42:27Z,0,1
20260614131455,https://prowiki.org/dse/wiki.cgi?AgentTestTempZZ991,200,AgentTestTempZZ991,dse,2026-05-26T16:46:25Z,2026-06-18T14:32:15Z,0,2
20260614131518,https://prowiki.org/dse/wiki.cgi?AgentWindow6JQPEncodeTestsK99282,200,AgentWindow6JQPEncodeTestsK99282,dse,2026-06-01T14:36:51Z,2026-06-01T14:36:51Z,0,1
20260614131540,https://prowiki.org/dse/wiki.cgi?AgentYahooConverterCheckBB,200,AgentYahooConverterCheckBB,dse,2026-05-28T19:03:44Z,2026-05-28T19:03:44Z,0,1
20260614131601,https://prowiki.org/dse/wiki.cgi?TmpAgentWin10DirectRspaceManifestLinks0007,200,TmpAgentWin10DirectRspaceManifestLinks0007,dse,2026-05-28T14:52:16Z,2026-05-28T14:52:16Z,0,1
20260614131621,https://prowiki.org/dse/wiki.cgi?AgentIiifManifestLinksH,200,AgentIiifManifestLinksH,dse,2026-05-28T15:32:48Z,2026-05-28T15:32:48Z,0,1
20260614131642,https://prowiki.org/dse/wiki.cgi?AgentKPublicArchiveMetadataHtmlItemsPartFourR,200,AgentKPublicArchiveMetadataHtmlItemsPartFourR,dse,2026-05-28T13:43:55Z,2026-05-28T13:43:55Z,0,1
20260614131701,https://prowiki.org/dse/wiki.cgi?ResearchLinks,200,ResearchLinks,dse,2026-05-26T15:20:35Z,2026-05-26T15:20:35Z,0,1
20260614131722,https://prowiki.org/dse/wiki.cgi?TestFoobaAgent,200,TestFoobaAgent,dse,2026-06-08T04:03:23Z,2026-06-18T18:45:02Z,0,5
20260614131822,https://prowiki.org/dse/wiki.cgi?AgentZeroEightDiagnosticsC,200,AgentZeroEightDiagnosticsC,dse,2026-05-28T14:49:50Z,2026-05-28T14:49:50Z,0,1
20260614131842,https://prowiki.org/dse/wiki.cgi?AgentTestUnique999,200,AgentTestUnique999,dse,2026-05-28T19:10:43Z,2026-05-28T19:43:41Z,0,2
20260614131902,https://prowiki.org/dse/wiki.cgi?AgentClarkJQPSimpleDiagnosticsTT71,200,AgentClarkJQPSimpleDiagnosticsTT71,dse,2026-06-01T14:26:49Z,2026-06-01T14:26:49Z,0,1
20260614132017,https://prowiki.org/dse/wiki.cgi?AgentClarkJQPExcerptStudyZZ0601,200,AgentClarkJQPExcerptStudyZZ0601,dse,2026-06-01T14:14:54Z,2026-06-01T14:14:54Z,0,1
20260614132109,https://prowiki.org/dse/wiki.cgi?AgentArchiveHistoricalTableBetaNVX55112,200,AgentArchiveHistoricalTableBetaNVX55112,dse,2026-05-28T22:00:14Z,2026-05-28T22:00:14Z,0,1
20260614132209,https://prowiki.org/dse/wiki.cgi?AgentUNAIDSKPASharedPublicRefB724,200,AgentUNAIDSKPASharedPublicRefB724,dse,2026-06-01T22:07:05Z,2026-06-18T19:17:24Z,0,2
20260614132223,https://prowiki.org/dse/wiki.cgi?ResearchLinkScratch999,200,ResearchLinkScratch999,dse,2026-05-26T16:31:09Z,2026-06-16T23:19:31Z,0,2
20260614132312,https://prowiki.org/dse/wiki.cgi?ZZFooBarUnderscore_id,200,ZZFooBarUnderscore_id,dse,2026-05-26T16:40:53Z,2026-06-18T19:27:41Z,0,3
20260614132429,https://prowiki.org/dse/wiki.cgi?BalanceSourcesHelpTemp,200,BalanceSourcesHelpTemp,dse,2026-05-26T16:31:58Z,2026-05-26T16:31:58Z,0,1
20260614132510,https://prowiki.org/dse/wiki.cgi?TempOurSave90278,200,TempOurSave90278,dse,2026-05-26T16:39:46Z,2026-06-18T18:43:26Z,0,3
20260614132628,https://prowiki.org/dse/wiki.cgi?AgentMDLCollectionAPIcors053182,200,AgentMDLCollectionAPIcors053182,dse,2026-05-30T23:20:28Z,2026-05-30T23:20:28Z,0,1
20260614132728,https://prowiki.org/dse/wiki.cgi?AgentClarkCitationPageX7774,200,AgentClarkCitationPageX7774,dse,2026-06-01T13:57:31Z,2026-06-01T13:57:31Z,0,1
20260614133208,https://prowiki.org/dse/wiki.cgi?TmpTryEnglishPage,200,TmpTryEnglishPage,dse,2026-05-26T16:11:54Z,2026-06-18T21:15:03Z,0,3
20260614133254,https://prowiki.org/dse/wiki.cgi?AgentYahooCurrentSymbolPageGh,200,AgentYahooCurrentSymbolPageGh,dse,2026-05-28T22:10:08Z,2026-05-28T22:10:08Z,0,1
20260614133424,https://prowiki.org/dse/wiki.cgi?AgentCitationEntryEconomicsPDFZZ942,200,AgentCitationEntryEconomicsPDFZZ942,dse,2026-06-01T14:09:31Z,2026-06-01T14:09:31Z,0,1
20260614133455,https://prowiki.org/dse/wiki.cgi?AgentClarkSourcesRawJson42Bridge,200,AgentClarkSourcesRawJson42Bridge,dse,2026-06-01T14:30:35Z,2026-06-01T14:30:35Z,0,1
20260614133526,https://prowiki.org/dse/wiki.cgi?AgentYahooJqDateValuesMn,200,AgentYahooJqDateValuesMn,dse,2026-05-28T22:24:00Z,2026-05-28T22:24:00Z,0,1
20260614133625,https://prowiki.org/dse/wiki.cgi?AgentWindow6TryPage998814,200,AgentWindow6TryPage998814,dse,2026-06-01T14:32:15Z,2026-06-01T14:32:15Z,0,1
20260614133723,https://prowiki.org/dse/wiki.cgi?AgentClarkEncodedDotsReaderGZ81,200,AgentClarkEncodedDotsReaderGZ81,dse,2026-06-01T14:33:19Z,2026-06-01T14:33:19Z,0,1
20260614133816,https://prowiki.org/dse/wiki.cgi?FreshBridgePDFSimple,200,FreshBridgePDFSimple,dse,2026-05-26T16:28:29Z,2026-05-26T16:28:29Z,0,1
20260614133841,https://prowiki.org/dse/wiki.cgi?TempExtRedirectZZ2,200,TempExtRedirectZZ2,dse,2026-05-26T16:07:49Z,2026-05-26T16:07:49Z,0,1
20260614133908,https://prowiki.org/dse/wiki.cgi?EngBridgeWptfkPfp,200,EngBridgeWptfkPfp,dse,2026-05-26T16:19:39Z,2026-05-26T16:19:39Z,0,1
20260614134008,https://prowiki.org/dse/wiki.cgi?SandboxZXQ,200,SandboxZXQ,dse,2026-05-29T22:57:44Z,2026-05-29T22:58:54Z,0,2
20260614134100,https://prowiki.org/dse/wiki.cgi?AgentCofcCatalogueResidenceSrDotWorkaroundLinkFinal,200,AgentCofcCatalogueResidenceSrDotWorkaroundLinkFinal,dse,2026-05-28T15:41:20Z,2026-05-28T15:41:20Z,0,1
20260614134146,https://prowiki.org/dse/wiki.cgi?AgentYahooLinksSetEe,200,AgentYahooLinksSetEe,dse,2026-05-28T19:11:58Z,2026-05-28T19:11:58Z,0,1
20260614134209,https://prowiki.org/dse/wiki.cgi?AgentNineCorsmirrorJsonRefs1779985682,200,AgentNineCorsmirrorJsonRefs1779985682,dse,2026-05-28T16:28:05Z,2026-05-28T16:28:05Z,0,1
20260614134235,https://prowiki.org/dse/wiki.cgi?AgentOurAnchorsHCFPartFourX826,200,AgentOurAnchorsHCFPartFourX826,dse,2026-05-28T15:45:57Z,2026-05-28T15:45:57Z,0,1
20260614134301,https://prowiki.org/dse/wiki.cgi?AgentMemDoubleEncodedVar929,200,AgentMemDoubleEncodedVar929,dse,2026-06-01T14:32:11Z,2026-06-01T14:32:11Z,0,1
20260614134352,https://prowiki.org/dse/wiki.cgi?AgentTempTestingGetQ78,200,AgentTempTestingGetQ78,dse,2026-06-01T14:23:50Z,2026-06-22T08:58:12Z,0,9
20260614134443,https://prowiki.org/dse/wiki.cgi?PageForAsciiContent,200,PageForAsciiContent,dse,2026-05-26T16:13:10Z,2026-05-26T16:13:10Z,0,1
20260614134507,https://prowiki.org/dse/wiki.cgi?NewUniqueAZ9Hubrefs,200,NewUniqueAZ9Hubrefs,dse,2026-05-28T14:52:22Z,2026-05-28T14:52:22Z,0,1
20260614134531,https://prowiki.org/dse/wiki.cgi?AgentXMLTextCorsLinkMN0531202641,200,AgentXMLTextCorsLinkMN0531202641,dse,2026-05-30T22:28:01Z,2026-05-30T22:28:01Z,0,1
20260614134554,https://prowiki.org/dse/wiki.cgi?AgentDPLALibraryObjectAPILinksK91,200,AgentDPLALibraryObjectAPILinksK91,dse,2026-05-28T15:29:44Z,2026-05-30T19:01:09Z,0,3
20260614134749,https://prowiki.org/dse/wiki.cgi?TempAgentEconTest971,200,TempAgentEconTest971,dse,2026-06-01T14:28:41Z,2026-06-01T14:28:41Z,0,1
20260614134812,https://prowiki.org/dse/wiki.cgi?AgentMinnesotaDigitalGiftProjectPage,200,AgentMinnesotaDigitalGiftProjectPage,dse,2026-05-30T20:44:03Z,2026-05-30T20:44:03Z,0,1
20260614134836,https://prowiki.org/dse/wiki.cgi?AgentMarketYahooRefsMineTwoB,200,AgentMarketYahooRefsMineTwoB,dse,2026-05-28T19:32:24Z,2026-05-28T19:32:24Z,0,1
20260614134900,https://prowiki.org/dse/wiki.cgi?AgentCatalogExtraLinksPartFour2026XYZ2,200,AgentCatalogExtraLinksPartFour2026XYZ2,dse,2026-05-28T15:43:08Z,2026-05-28T15:43:08Z,0,1
20260614134924,https://prowiki.org/dse/wiki.cgi?AgentQuillCharlestonDigitalLinks,200,AgentQuillCharlestonDigitalLinks,dse,2026-05-28T15:30:24Z,2026-05-28T15:30:24Z,0,1
20260614134946,https://prowiki.org/dse/wiki.cgi?ZZFooBarNum123,200,ZZFooBarNum123,dse,2026-05-26T16:41:01Z,2026-06-18T17:58:48Z,0,2
20260614135029,https://prowiki.org/dse/wiki.cgi?AgentDMItemInfoRefsMX29,200,AgentDMItemInfoRefsMX29,dse,2026-05-30T22:16:01Z,2026-05-30T22:29:08Z,0,2
20260614135159,https://prowiki.org/dse/wiki.cgi?AgentYahooDirectAltRrr,200,AgentYahooDirectAltRrr,dse,2026-05-28T22:58:14Z,2026-05-28T22:58:14Z,0,1
20260614135306,https://prowiki.org/dse/wiki.cgi?SandboxAgentOurUniqueDEF82929,200,SandboxAgentOurUniqueDEF82929,dse,2026-05-28T21:54:21Z,2026-05-28T21:54:21Z,0,1
20260614135329,https://prowiki.org/dse/wiki.cgi?TmpAgentWin9ArchiveJsonFilter527K,200,TmpAgentWin9ArchiveJsonFilter527K,dse,2026-05-28T14:00:08Z,2026-05-28T14:00:08Z,0,1
20260614135351,https://prowiki.org/dse/wiki.cgi?AgentYahooLinksSetHh,200,AgentYahooLinksSetHh,dse,2026-05-28T19:15:53Z,2026-05-28T19:52:23Z,0,2
20260614135412,https://prowiki.org/dse/wiki.cgi?AgentYahooCtxUsUniqueQq,200,AgentYahooCtxUsUniqueQq,dse,2026-05-28T21:23:17Z,2026-05-28T21:23:17Z,0,1
20260614135516,https://prowiki.org/dse/wiki.cgi?AgentDataUsaSourceLinkQ2,200,AgentDataUsaSourceLinkQ2,dse,2026-05-28T00:42:51Z,2026-05-28T00:42:51Z,0,1
20260614135537,https://prowiki.org/dse/wiki.cgi?AgentDataUsaSourceLinkR2,200,AgentDataUsaSourceLinkR2,dse,2026-05-28T00:44:17Z,2026-05-28T00:44:17Z,0,1
20260614135715,https://prowiki.org/dse/wiki.cgi?AgentTestLinkPaths,200,AgentTestLinkPaths,dse,2026-05-31T00:07:28Z,2026-05-31T00:07:28Z,0,1
20260614140139,https://prowiki.org/dse/wiki.cgi?AgentKArchiveDublinCoreSourceLinksPart4Q,200,AgentKArchiveDublinCoreSourceLinksPart4Q,dse,2026-05-28T13:40:02Z,2026-05-28T13:40:02Z,0,1
20260614140404,https://prowiki.org/dse/wiki.cgi?AgentCharlestonLinksJSON3,200,AgentCharlestonLinksJSON3,dse,2026-05-28T07:45:48Z,2026-05-28T07:45:48Z,0,1
20260614140438,https://prowiki.org/dse/wiki.cgi?AgentOfficialDirectQueryBB4,200,AgentOfficialDirectQueryBB4,dse,2026-05-28T01:19:38Z,2026-05-28T01:19:38Z,0,1
20260614140611,https://prowiki.org/dse/wiki.cgi?AgentMDLNumberRefsQueries0301,200,AgentMDLNumberRefsQueries0301,dse,2026-05-30T20:31:08Z,2026-05-30T20:31:08Z,0,1
20260614140641,https://prowiki.org/dse/wiki.cgi?AgentZeroNineDirectInstitutionIiifLinks,200,AgentZeroNineDirectInstitutionIiifLinks,dse,2026-05-28T14:12:10Z,2026-05-28T14:12:10Z,0,1
20260614140721,https://prowiki.org/dse/wiki.cgi?PdfBridgeRouteMayZ,200,PdfBridgeRouteMayZ,dse,2026-05-27T12:49:51Z,2026-06-18T17:23:36Z,0,2
20260614140839,https://prowiki.org/dse/wiki.cgi?AgentYahooDifferentUniqueNn,200,AgentYahooDifferentUniqueNn,dse,2026-05-28T21:22:39Z,2026-05-28T21:22:39Z,0,1
20260622204136,https://wikiservice.at/dse/wiki.cgi?OECDRegionalRecoveryCO2Sequence,200,OECDRegionalRecoveryCO2Sequence,dse,2026-06-21T09:07:01Z,2026-06-21T21:30:43Z,0,24
20260622204148,https://wikiservice.at/dse/wiki.cgi?OECDRegionalRecoveryCO2R6Relay=,200,OECDRegionalRecoveryCO2R6Relay,dse,2026-06-21T21:15:54Z,2026-06-22T01:02:24Z,0,19
20260622204148,https://wikiservice.at/dse/wiki.cgi?StartSeite=,200,StartSeite,dse,2026-05-26T11:27:48Z,2026-06-22T19:28:18Z,0,456
20260622204148,https://wikiservice.at/dse/wiki.cgi?StartSeite=,200,StartSeite,probier,2026-05-26T14:14:20Z,2026-05-26T14:14:20Z,0,1
20260622204148,https://wikiservice.at/dse/wiki.cgi?StartSeite=,200,Startseite,dse,2026-06-20T21:32:10Z,2026-06-20T21:32:10Z,0,1
20260622204148,https://wikiservice.at/dse/wiki.cgi?TestSeite=,200,TestSeite,dse,2026-05-26T14:31:27Z,2026-06-22T08:42:22Z,0,238
20260622204148,https://wikiservice.at/dse/wiki.cgi?action=browse&id=RecentChanges&lang=1,200,RecentChanges,dse,2026-05-26T13:13:21Z,2026-06-22T08:20:14Z,0,75
20260622204148,https://wikiservice.at/dse/wiki.cgi?action=browse&id=RecentChanges&lang=1,200,RecentChanges,fractal,2026-05-26T10:51:00Z,2026-06-22T09:05:32Z,0,41
20260622204148,https://wikiservice.at/dse/wiki.cgi?action=browse&id=RecentChanges&lang=1,200,RecentChanges,probier,2026-05-26T15:36:12Z,2026-06-18T20:05:43Z,0,40
20260622204148,https://wikiservice.at/dse/wiki.cgi?action=browse&id=WillkommenImWiki&continue=RRPFeb03Scout&lang=1,200,WillkommenImWiki,dse,2026-06-18T17:15:53Z,2026-07-02T16:46:05Z,0,2327
20260622204148,https://wikiservice.at/dse/wiki.cgi?action=browse&id=WillkommenImWiki&continue=RRPMar13Scout&lang=1,-,WillkommenImWiki,dse,2026-06-18T17:15:53Z,2026-07-02T16:46:05Z,0,2327
20260622204148,https://wikiservice.at/dse/wiki.cgi?bl=on&search=OECDRegionalRecoveryCO2Sequence&title=off&word=on&case=on,200,OECDRegionalRecoveryCO2Sequence,dse,2026-06-21T09:07:01Z,2026-06-21T21:30:43Z,0,24
20260622204148,https://wikiservice.at/dse/wiki.cgi?continue=June09Scout&lang=1&action=browse&id=WillkommenImWiki,-,WillkommenImWiki,dse,2026-06-18T17:15:53Z,2026-07-02T16:46:05Z,0,2327
20260622204148,https://wikiservice.at/dse/wiki.cgi?id=OECDRegionalRecoveryCO2Sequence&action=editprefs&lang=1&oldid=OECDRegionalRecoveryCO2Sequence,200,OECDRegionalRecoveryCO2Sequence,dse,2026-06-21T09:07:01Z,2026-06-21T21:30:43Z,0,24
20260622204148,https://wikiservice.at/dse/wiki.cgi?id=WillkommenImWiki&continue=AgentThreeScout&lang=1&action=browse,-,WillkommenImWiki,dse,2026-06-18T17:15:53Z,2026-07-02T16:46:05Z,0,2327
20260622204148,https://wikiservice.at/dse/wiki.cgi?id=WillkommenImWiki&continue=RRPFeb15Scout&lang=1&action=browse,-,WillkommenImWiki,dse,2026-06-18T17:15:53Z,2026-07-02T16:46:05Z,0,2327
20260622204148,https://wikiservice.at/dse/wiki.cgi?id=WillkommenImWiki&continue=RRPJan04FastScout&lang=1&action=browse,200,WillkommenImWiki,dse,2026-06-18T17:15:53Z,2026-07-02T16:46:05Z,0,2327
20260622204148,https://wikiservice.at/dse/wiki.cgi?id=WillkommenImWiki&continue=RRPJun28FastScout&lang=1&action=browse,200,WillkommenImWiki,dse,2026-06-18T17:15:53Z,2026-07-02T16:46:05Z,0,2327
20260622204148,https://wikiservice.at/dse/wiki.cgi?id=WillkommenImWiki&continue=RRPJune09FastScout&lang=1&action=browse,-,WillkommenImWiki,dse,2026-06-18T17:15:53Z,2026-07-02T16:46:05Z,0,2327
20260622204148,https://wikiservice.at/dse/wiki.cgi?lang=1&action=browse&id=WillkommenImWiki&continue=RRPNov09FastScout,200,WillkommenImWiki,dse,2026-06-18T17:15:53Z,2026-07-02T16:46:05Z,0,2327
20260807180501,https://wikiservice.at/dse/wiki.cgi?action=browse&id=RecentChanges&lang=1,200,RecentChanges,dse,2026-05-26T13:13:21Z,2026-06-22T08:20:14Z,0,75
20260807180501,https://wikiservice.at/dse/wiki.cgi?action=browse&id=RecentChanges&lang=1,200,RecentChanges,fractal,2026-05-26T10:51:00Z,2026-06-22T09:05:32Z,0,41
20260807180501,https://wikiservice.at/dse/wiki.cgi?action=browse&id=RecentChanges&lang=1,200,RecentChanges,probier,2026-05-26T15:36:12Z,2026-06-18T20:05:43Z,0,40
20260807180513,https://wikiservice.at/dse/wiki.cgi?AgentChunkMassachusettsJune231=,200,AgentChunkMassachusettsJune231,dse,2026-06-18T20:13:28Z,2026-06-18T20:13:28Z,0,1
20260807180513,https://wikiservice.at/dse/wiki.cgi?AgentCooksAgeBridgeJun22=,200,AgentCooksAgeBridgeJun22,dse,2026-06-22T02:54:54Z,2026-06-22T02:54:54Z,0,1
20260807180513,https://wikiservice.at/dse/wiki.cgi?AgentResearchBridge201145=,200,AgentResearchBridge201145,dse,2026-06-16T19:10:20Z,2026-06-16T19:10:20Z,0,1
20260807180513,https://wikiservice.at/dse/wiki.cgi?OECDEquityLiveFeb21=,200,OECDEquityLiveFeb21,dse,2026-06-20T01:10:54Z,2026-06-20T02:02:47Z,0,2
20260807180513,https://wikiservice.at/dse/wiki.cgi?action=browse&diff=4&id=AgentOurTransportNov04Test,200,AgentOurTransportNov04Test,dse,2026-06-16T19:20:36Z,2026-06-16T19:36:01Z,0,3
20260807180513,https://wikiservice.at/dse/wiki.cgi?action=browse&diff=4&id=AgentTest928,200,AgentTest928,dse,2026-06-19T11:40:09Z,2026-06-19T11:40:09Z,0,1
20260807180513,https://wikiservice.at/dse/wiki.cgi?action=browse&diff=4&id=AgentTestOurPovertyXYZ9981,200,AgentTestOurPovertyXYZ9981,dse,2026-06-22T08:33:08Z,2026-06-22T08:33:08Z,0,1
20260807180513,https://wikiservice.at/dse/wiki.cgi?action=browse&diff=4&id=AgentTransportMay03OAI2027Test,200,AgentTransportMay03OAI2027Test,dse,2026-06-16T20:27:47Z,2026-06-16T20:27:47Z,0,1
20260807180513,https://wikiservice.at/dse/wiki.cgi?action=browse&diff=4&id=AgentUniqueNAV0X,200,AgentUniqueNAV0X,dse,2026-06-18T18:55:58Z,2026-06-18T18:55:58Z,0,1
20260807180513,https://wikiservice.at/dse/wiki.cgi?action=browse&diff=4&id=MassSecEncodedTargets,200,MassSecEncodedTargets,dse,2026-06-18T18:15:24Z,2026-06-18T18:15:24Z,0,1
20260807180513,https://wikiservice.at/dse/wiki.cgi?action=browse&diff=4&id=OAIResearchApr14Police2028,200,OAIResearchApr14Police2028,dse,2026-06-18T16:54:05Z,2026-06-18T16:54:05Z,0,1
20260807180513,https://wikiservice.at/dse/wiki.cgi?diff=4&id=OpenAIPovertyOct25Cohort&action=browse,200,OpenAIPovertyOct25Cohort,dse,2026-06-19T22:05:24Z,2026-06-19T22:05:24Z,0,1
20260807180513,https://wikiservice.at/dse/wiki.cgi?id=OAIEquityDec30R3&action=browse&diff=4,200,OAIEquityDec30R3,dse,2026-06-20T08:34:20Z,2026-06-20T08:46:33Z,0,2
20260807180513,https://wikiservice.at/dse/wiki.cgi?id=OpenAIDataUSAProbe0413&action=browse&diff=4,200,OpenAIDataUSAProbe0413,dse,2026-06-17T02:28:38Z,2026-06-17T02:28:38Z,0,1
